ID_BOOK,LINK_BOOK,TITLE_BOOK,AUTHOR_BOOK,RATE_BOOK,DESCRIPTION_BOOK
10925109,https://www.goodreads.com//book/show/10925109-cho-t-i-xin-m-t-v-i-tu-i-th?language_code=;page=1,Cho Tôi Xin Một Vé Đi Tuổi Thơ,Nguyễn Nhật Ánh,4.16,"Truyện Cho tôi xin một vé đi tuổi thơ là sáng tác mới nhất của nhà văn Nguyễn Nhật Ánh. Nhà văn mời người đọc lên chuyến tàu quay ngược trở lại thăm tuổi thơ và tình bạn dễ thương của 4 bạn nhỏ. Những trò chơi dễ thương thời bé, tính cách thật thà, thẳng thắn một cách thông minh và dại dột, những ước mơ tự do trong lòng… khiến cuốn sách có thể làm các bậc phụ huynh lo lắng rồi thở phào. Không chỉ thích hợp với người đọc trẻ, cuốn sách còn có thể hấp dẫn và thực sự có ích cho người lớn trong quan hệ với con mình."
11273677,https://www.goodreads.com//book/show/11273677-m-t-bi-c?language_code=;page=1,Mắt Biếc,Nguyễn Nhật Ánh,4.04,"Một tác phẩm được nhiều người bình chọn là hay nhất của nhà văn này. Một tác phẩm đang được dịch và giới thiệu tại Nhật Bản (theo thông tin từ các báo)… Bởi sự trong sáng của một tình cảm, bởi cái kết thúc rất, rất buồn khi suốt câu chuyện vẫn là những điều vui, buồn lẫn lộn (cái kết thúc không như mong đợi của mọi người). Cũng bởi, mắt biếc… năm xưa nay đâu (theo lời một bài hát)."
10433999,https://www.goodreads.com//book/show/10433999-t-i-th-y-hoa-v-ng-tr-n-c-xanh?language_code=;page=1,Tôi Thấy Hoa Vàng Trên Cỏ Xanh,Nguyễn Nhật Ánh,4.02,"""Tôi thấy hoa vàng trên cỏ xanh"" truyện dài mới nhất của nhà văn vừa nhận giải văn chương ASEAN Nguyễn Nhật Ánh. Cuốn sách viết về tuổi thơ nghèo khó ở một làng quê, bên cạnh đề tài tình yêu quen thuộc, lần đầu tiên Nguyễn Nhật Ánh đưa vào tác phẩm của mình những nhân vật phản diện và đặt ra vấn đề đạo đức như sự vô tâm, cái ác.  81 chương ngắn là 81 câu chuyện nhỏ của những đứa trẻ xảy ra ở một ngôi làng: chuyện về con cóc Cậu trời, chuyện ma, chuyện công chúa và hoàng tử, bên cạnh chuyện đói ăn, cháy nhà, lụt lội,... ""Tôi thấy hoa vàng trên cỏ xanh"" hứa hẹn đem đến những điều thú vị với cả bạn đọc nhỏ tuổi và người lớn bằng giọng văn trong sáng, hồn nhiên, giản dị của trẻ con cùng nhiều tình tiết thú vị, bất ngờ và cảm động trong suốt hơn 300 trang sách. Cuốn sách, vì thế có sức ám ảnh, thu hút, hấp dẫn không thể bỏ qua."
10428411,https://www.goodreads.com//book/show/10428411-c-g-i-n-t-h-m-qua?language_code=;page=1,Cô Gái Đến Từ Hôm Qua,Nguyễn Nhật Ánh,4.1,"Nếu ngày xưa còn bé, Thư luôn tự hào mình là cậu con trai thông minh có quyền bắt nạt và sai khiến các cô bé cùng lứa tuổi thì giờ đây khi lớn lên, anh luôn khổ sở khi thấy mình ngu ngơ và bị con gái “xỏ mũi”. Trong khi ngày bé anh luôn có thể khiến Tiểu Li, con bé hàng xóm ngốc nghếch, hứng chịu những trò nghịch ngợm của mình thì Việt An, cô bạn học thông minh lại đang khiến anh ngày càng bối rối."
10925246,https://www.goodreads.com//book/show/10925246-t-i-l-b-t?language_code=;page=1,Tôi Là Bêtô,Nguyễn Nhật Ánh,4.15,"Tôi Là Bêtô là tác phẩm mới nhất của nhà văn chuyên viết cho thanh thiếu niên của Nguyễn Nhật Ánh. Anh đã được đông đảo bạn đọc biết đến qua các tác phẩm quen thuộc như Thằng quỷ nhỏ, Trại hoa vàng, Bong bóng lên trời, Cô gái đến từ hôm qua... và hai bộ truyện nhiều tập Kính vạn hoa và Chuyện xứ Lang Biang. Với Tôi là Bêtô, đây là lần đầu tiên anh viết một tác phẩm qua lời kể của một chú cún.Trong thiên truyện này, thế giới được nhìn một cách trong trẻo nhưng lồng trong đó không thiếu những ý tứ thâm trầm, khiến người đọc phải ngẫm nghĩ. Đây chắc chắn là tác phẩm không chỉ dành cho trẻ em.Khi bắt đầu đọc cuốn sách này, dù không có sự phân biệt nào thì tôi vẫn có một cảm giác đây là những câu chuyện viết cho những đứa trẻ. Điều quan trọng lại bắt đầu từ chính ở đây. Cuốn sách đã lôi cuốn tôi bởi nó không đi đúng như những gì tôi dự báo. Một cuộc sách viết cho tất cả chúng ta: trẻ con và người lớn. Cuộc đời của con chó nhỏ Bêtô cũng chứa đựng tất cả hiện thực đời sống mà mỗi con người đều đi qua: niềm vui, sở thích, tình bạn, nỗi sợ hãi, lòng dũng cảm, ký ức, thiện ác, ước mơ..."
14624837,https://www.goodreads.com//book/show/14624837-c-hai-con-m-o-ng-i-b-n-c-a-s?language_code=;page=1,Có Hai Con Mèo Ngồi Bên Cửa Sổ,"Nguyễn Nhật Ánh,Đỗ Hoàng Tường",3.82,"Nhân vật chính thứ nhất tên là Gấu.Nhân vật thứ hai là Tí Hon.Nhân vật thứ ba, tên là…; còn nữa, nhân vật thứ tư, tên là…Để biết tại sao Gấu lại chơi thân với Tí Hon, thì mời bạn hãy mở sách ra.Gấu và Tí Hon thân nhau đến mức có thể chia sẻ từng chuyện vui buồn trong những phút giây mềm yếu, lo lắng và chăm sóc, giúp nhau từ miếng ăn đến “chiến lược” để tồn tại lâu dài.Tình bạn là gì? Bạn gái là gì? Tình yêu là gì?Bọn mèo chuột kể với chúng ta nhiều câu chuyện nhỏ, gửi thông điệp rằng, tình yêu có sức mạnh tuyệt diệu, có thể làm nên mọi điều phi thường trong cuộc sống muôn loài.Cuốn truyện có độ dầy vừa phải, 67 hình vẽ của họa sĩ Đỗ Hoàng Tường sinh động đến từng nét nũng nịu hay kiêu căng của nàng mèo người yêu mèo Gấu, câu chuyện thì hấp dẫn duyên dáng điểm những bài thơ tình lãng mạn nao lòng song đọc to lên thì khiến cười hinh hích…Bạn hãy đọc nhé, để thấy, Nguyễn Nhật Ánh đã viết truyện mèo chuột theo cái cách của riêng mình độc đáo như thế nào."
10419181,https://www.goodreads.com//book/show/10419181-c-n-ch-t-g-nh?language_code=;page=1,Còn Chút Gì Để Nhớ,Nguyễn Nhật Ánh,4.16,
32068852,https://www.goodreads.com//book/show/32068852-ng-y-x-a-c-m-t-chuy-n-t-nh?language_code=;page=1,Ngày Xưa Có Một Chuyện Tình,Nguyễn Nhật Ánh,4.14,"Đúng như tên gọi, đây là cuốn sách về tình yêu, được viết theo một phong cách hoàn toàn khác lạ với nhà văn Nguyễn Nhật Ánh từ trước đến nay.Ngày xưa có một chuyện tình là một câu chuyện cảm động khi người ta yêu nhau, nỗi khát khao một hạnh phúc êm đềm ấm áp đến thế; hay đơn giản chỉ là chuyện ba người - anh, em, và người ấy…?Khi mở sách ra, độc giả sẽ được chứng kiến làn gió tình yêu chảy qua như rải nắng trên khuôn mặt mùa đông của cô gái; nụ hôn đầu tiên ngọt mật, cái ôm đầu tiên, những giọt nước mắt và cái ôm xiết cuối cùng của tấm tình người yêu người… Và người đọc sẽ tìm thấy câu trả lời, cho riêng mình.""- Miền nè.- Gì hở Phúc?- Có chuyện này nè.- Chuyện gì vậy?- Ở trong lớp mình ấy mà.- Trong lớp mình sao?- Lần này tôi thấy đôi lông mày Miền nhướn lên. Nó vừa hỏi vừa xoáy mắt vào mặt tôi, chắc nó lấy làm lạ trước lối nói chuyện lòng vòng của tôi.Ngay cả tôi, tôi cũng thấy tôi không giống mọi hôm chút nào và phát hiện đó khiến tôi gần như nổi điên lên với chính mình.Tôi nói nhanh:- Có một bạn trong lớp đang thích Miền đó.""""Tôi rơi vào tình yêu như thiên thạch bị rơi vào lỗ đen. Tôi bị tình yêu đó nuốt chửng với một sức mạnh không sao cưỡng lại được.Suốt một thời gian dài, tôi trượt trên tình yêu như trượt trên vỏ chuối, ngây ngất, mê man, chỉ khi nào té ngã thì đà trượt đó mới dừng lại.Có cái gì đó làm tôi lạc lối. Nó khiến tôi tin rằng đạo đức là cái con người vẽ ra chứ không phải là cái vẽ ra con người. Nó khiến tôi sẵn sàng nổi loạn, chẳng buồn bận tâm cuộc đời mình rồi sẽ trôi dạt về đâu, những thứ gì sẽ đổ lên cuộc đời mình. Và tôi, thoạt đầu là tin một cách ngây thơ, về sau thì cố tin đó là tình yêu để biện hộ cho hành động của mình. Nhưng yêu kiểu như tôi yêu Phúc thì càng yêu tôi càng hiểu về tình yêu ít hơn...Có cái gì đó mù lòa, say đắm, điên rồ, ảo giác, đẫm mê hương trong cuộc tình này.(Trích “Ngày xưa có một chuyện tình”)"
18139866,https://www.goodreads.com//book/show/18139866-ng-i-kh-c-tr-n-c-y?language_code=;page=1,Ngồi Khóc Trên Cây,"Nguyễn Nhật Ánh,Đỗ Hoàng Tường",4.01,"Tên sách có làm bạn tò mò? “Ngồi khóc trên cây” có vẻ là một truyện hành động của nhà văn Nguyễn Nhật Ánh?Bạn sẽ gặp, sau những câu thơ lãng mạn của chính tác giả làm đề từ, là cuộc sống trong một ngôi làng thơ mộng ven sông, kỳ nghỉ hè với nhân vật là những đứa trẻ mới lớn có vô vàn trò chơi đơn sơ hấp dẫn ghi dấu mãi trong lòng.Câu chuyện của cô bé Rùa và chàng sinh viên vốn ở quê chuyển ra thành phố có giống như bạn từng có thời đi học?Và cái cách họ thinh thích, rồi thương nhau giấu giếm, sợ làm nhau buồn, mong mỏi gặp nhau đến mất ngủ… có phải là mối tình đầu giống như của bạn?“ Dài nhanh lên vớiTóc xõa ngang màyLớn nhanh lên vớiBé bỏng chiều nay”Bạn sẽ được tác giả dẫn đi liền một mạch trong một thứ cảm xúc rưng rưng của tình yêu thương. Bạn sẽ thấy may mắn vì đang đuợc sống trong cuộc sống này, thấy yêu thế những tấm tình người… tất cả đều đẹp hồn hậu một cách giản dị.Với cuốn sách mới này, một lần nữa người đọc lại được Nguyễn Nhật Ánh tặng món quà quý giá: lòng tin rằng điều tốt có thật trên đời.Sách trình bày đẹp, trên giấy ngoại màu ngà với 30 tranh minh họa của họa sĩ Đỗ Hoàng Tường. Mỗi mở đầu chương đều có những câu thơ lãng mạn của chính tác giả làm đề từ .-tiki.vn-"
12376409,https://www.goodreads.com//book/show/12376409-b-n-c-n-m-ch-ng-i?language_code=;page=1,Bàn Có Năm Chỗ Ngồi,Nguyễn Nhật Ánh,3.93,"Những nhân vật rất dễ thương, hoặc phải vượt qua những hoàn cảnh khó khăn, hoặc sẵn lòng chia sẻ với bạn bè, người thân… Thậm chí cả những nhân vật tạm gọi là “phe xấu” với nhiều trò đùa nghịch… cũng mang dáng dấp hồn nhiên. Tất cả hướng về Chân - Thiện - Mỹ.Họ là năm người bạn với năm cá tính và hoàn cảnh khác nhau cùng chung trong một lớp học. Những trò nghịch ngợm trẻ con đôi khi gây ra mâu thuẫn, nhưng trên tất cả đó là những đứa trẻ ham học, giàu lòng nhân ái và biết quan tâm đến bạn bè. Cảm thông với hoàn cảnh của nhau, từng bạn nghĩ ra cách giúp đỡ bạn mình theo khả năng để tình bạn ấy lớn dần theo năm tháng."
25072779,https://www.goodreads.com//book/show/25072779-b-y-b-c-t-i-m-a-h?language_code=;page=1,Bảy Bước Tới Mùa Hè,Nguyễn Nhật Ánh,3.91,"Câu chuyện về một mùa hè ngọt ngào, những trò chơi nghịch ngợm và bâng khuâng tình cảm tuổi mới lớn. Chỉ vậy thôi nhưng chứng tỏ tác giả đúng là nhà kể chuyện hóm hỉnh, khiến đọc cuốn hút từ tựa đến trang cuối cùng, có lẽ chính vì giọng văn giản dị và trong trẻo của Nguyễn Nhật Ánh, và kết thúc thì có hậu đầy thuyết phục. Câu chuyện cho tuổi học trò, đọc xong là thấy ngập lên khao khát quay về một thời thơ bé, với tình thầy trò, bè bạn, tình xóm giềng, họ hàng, qua cách nhìn đời nhẹ nhõm, rộng lượng.Cuốn sách này nhà văn đề tặng “Những năm tháng ấu thơ”, tặng các bạn thời nhỏ, cũng là tặng bạn đọc thân thiết của mình."
12079188,https://www.goodreads.com//book/show/12079188-qu-n-g-i-l-n?language_code=;page=1,Quán Gò Đi Lên,Nguyễn Nhật Ánh,3.99,
9047825,https://www.goodreads.com//book/show/9047825-i-qua-hoa-c-c?language_code=;page=1,Đi Qua Hoa Cúc,Nguyễn Nhật Ánh,3.83,"Cuốn Đi Qua Hoa Cúc là tập truyện dài của Nguyễn Nhật Ánh, mở đầu câu truyện tác giả kể lại tuổi ấu thơ hồn nhiên của nhân vật trong truyện, kết hợp với tả cảnh ở miền quê, những ngôi nhà nằm dọc hai bên đường đá sỏi dọc theo hai bên hàng dâm bụt và cả cây sứ cây bàng tỏa bóng mát, tỏa hương thơm trước sân nhà. Một nét vẽ nên thơ thật đầm ấm ở một vùng quê xa xôi tác giả dường như làm ấm lòng cho người đọc. Thật vậy mỗi cốt truyện của Nguyễn Nhật Ánh đã phác họa lên một nét quê hương ngọt ngào, một thời ấu thơ đẹp, một tình yêu của tuổi học trò cũng hòa lẫn tình yêu khát khao của bao lứa tuổi. Cuốn truyện dài Đi Qua Hoa Cúc là một trong những tác phẩm tuyệt tác hay của tác giả làm thôi thúc người đọc thêm nhiều ấn tượng và sự lôi cuốn tràn dâng trong lòng bạn đọc."
10925338,https://www.goodreads.com//book/show/10925338-o-m-ng-m?language_code=;page=1,Đảo Mộng Mơ,Nguyễn Nhật Ánh,3.82,"Đảo Mộng mơ là một lát cắt đời sống của những đứa trẻ lên 10 giàu trí tưởng tượng như tất cả mọi đứa trẻ. Chúng mơ mộng, tưởng tượng, và tự làm ""hiện thực hóa"" những khao khát của mình.Câu chuyện bắt đầu từ một đống cát, và được diễn ra theo nhân vật tôi - cu Tin. Có một hòn đảo hoang, trên đảo có Chúa đảo, phu nhân Chúa đảo, và một chàng Thứ... Bảy. Hàng ngày vợ chồng Chúa đảo và Thứ Bảy vẫn phải đi học, nhưng sau giờ học là một thế giới khác, của đảo, của biển có cá mập, và rừng có thú dữ. Hấp dẫn, đầy quyến rũ, có cãi vã, có cai trị, có yêu thương, có ẩu đả, và cả...những nụ hôn!Tuổi thơ trong Đảo Mộng mơ như trong những tác phẩm khác của Nguyễn Nhật Ánh, trong veo và ngọt ngào. Những muốn bé lại bằng cu Tin để được cười, được khóc, được làm Chúa đảo thích đọc sách và biết đánh lại lưu manh, bắt giam kẻ cắp. Để được hiểu rằng, đối với trẻ con, nhu cầu được tôn trọng đôi khi lớn hơn gấp bội so với nhu cầu được yêu thương.Văn Nguyễn Nhật Ánh vẫn luôn thế, trong sáng, dí dỏm, đầy ắp thực tế tâm lý, hành động và ngôn ngữ của trẻ. Hy vọng Đảo Mộng mơ thỏa mãn những khao khát ""được chơi"", được thỏa chí tưởng tượng mà không bị mắng là ""hâm"", là ""bốc phét"" của trẻ, cũng như những băn khoăn của các bậc cha mẹ, làm sao có thể giữ gìn sự trong trẻo hồn nhiên mãi cho con mình."
17826150,https://www.goodreads.com//book/show/17826150-k-nh-v-n-hoa?language_code=;page=1,Kính vạn hoa (toàn tập),Nguyễn Nhật Ánh,4.55,"Kính vạn hoa là một bộ truyện dài nhiều tập của nhà văn Nguyễn Nhật Ánh. Bộ truyện gồm 54 tập truyện mang tính hài hước kể về những chuyện vui buồn trong giới học trò, những trò nghịch ngợm, những trò chơi thú vị, những bài học cuộc sống sâu sắc và đầy ý nghĩa. Những nhân vật chính là Quý ròm, nhỏ Hạnh, Tiểu Long cùng các nhân vật khác. Mỗi tập là một câu chuyện khác nhau xung quanh ba cô cậu bé này. Những tập Kính vạn hoa có thể coi là những cuốn sách tâm lý của tuổi học trò, Kính vạn hoa hiện nay đã được dựng thành phim và 3 phần của bộ phim (sản xuất năm 2005, 2006, 2008) đều đã được chiếu trên kênh HTV9 Đài Truyền hình Thành phố Hồ Chí Minh. Bộ phim đã gây được sự chú ý không chỉ của giới học trò mà đủ các lứa tuổi.[1] Hiện nay, nhà xuất bản Kim Đồng đã tái bản (năm 2012) bộ truyện này thành 9 tập khổ lớn và 54 tập khổ nhỏ."
36989101,https://www.goodreads.com//book/show/36989101-c-y-chu-i-non-i-gi-y-xanh?language_code=;page=1,Cây Chuối Non Đi Giày Xanh,Nguyễn Nhật Ánh,4.13,"Truyện dài Cây Chuối Non Đi Giày Xanh của nhà văn Nguyễn Nhật Ánh vẫn như bao cuốn sách khác của tác giả, đầy ắp con chữ mang đến niềm vui, niềm hy vọng và hạnh phúc. Để dành tặng cho các bạn trẻ, và những ai từng qua tuổi ấu thơ. Cuốn truyện lần này kể về kỷ niệm, bởi ""kỷ niệm bao giờ cũng đẹp và đặc biệt là không biết phản bội."" Những kỷ niệm ấy có thể là nỗi sợ trẻ con ai cũng từng qua, cũng có thể là những rung động mơ hồ đủ khiến hồi hộp đỏ mặt. Và đâu đó có mối ghen tuông len lỏi, nỗi buồn thắt tim, và những giấc mơ trong veo êm đềm..."
28961874,https://www.goodreads.com//book/show/28961874-con-ch-nh-mang-gi-hoa-h-ng?language_code=;page=1,Con Chó Nhỏ Mang Giỏ Hoa Hồng,Nguyễn Nhật Ánh,3.88,"Con Chó Nhỏ Mang Giỏ Hoa Hồng là tác phẩm mới nhất của nhà văn chuyên viết cho thanh thiếu niên Nguyễn Nhật Ánh, nối tiếp sau Bảy bước tới mùa hè, Tôi thấy hoa vàng trên cỏ xanh… gây sóng gió thị trường sách năm 2015. 5 chương sách với 86 câu chuyện cực kỳ thú vị và hài hước về 5 con chó 5 loài 5 tính cách trong 1 gia đình có 3 người đều yêu chúng nhưng theo từng cách riêng của mình. Các câu chuyện về tình bạn giữa chúng với nhau, giữa chúng với chị Ni, ba mẹ, khách đến nhà… thực sự mang lại một thế giới trong trẻo, những đoạn đời dễ thương quyến rũ tuổi mới lớn. Một quyển sách lôi cuốn viết cho tất cả chúng ta: trẻ con và người lớn. Cuộc đời của 5 con chó nhỏ: Haili, Batô, Suku, Êmê và Pig được tái hiện như đời sống của mỗi con người: tình bạn, tình yêu, đam mê, lòng dũng cảm, sự sợ hãi, và những ước mơ..."
12966230,https://www.goodreads.com//book/show/12966230-tr-i-hoa-v-ng?language_code=;page=1,Trại Hoa Vàng,Nguyễn Nhật Ánh,3.86,"Hẳn bạn đọc ở lứa tuổi học trò đã từng quen thuộc với tác giả Nguyễn Nhật Anh với những truyện ngắn và truyện dài đậm chất học trò như: Trại hoa vàng, Chú bé rắc rối, Phòng trọ ba người, Bồ câu không đưa thư, Những chàng trai xấu tính, Cô gái đến từ hôm qua, Trước vòng chung kết, Hạ đỏ, Hoa hồng xứ khác, Buổi chiều Windows, Ut Quyên và tôi... Với lối viết dung dị và cách chọn đề tài gần gũi với lứa tuổi học trò, như quan hệ thầy trò, trường lớp, bạn bè, gia đình... nên những truyện của ông chiếm được cảm tình của rất nhiều bạn đọc nhỏ tuổi. Họ hào hứng và nóng lóng đón đọc các trang viết của ông. Chúng tôi sẽ lần lượt giới thiệu với bạn đọc các tác phẩm của ông."
12948705,https://www.goodreads.com//book/show/12948705-b-c-u-kh-ng-a-th?language_code=;page=1,Bồ câu không đưa thư,Nguyễn Nhật Ánh,3.78,"Câu chuyện bắt đầu từ lá thư làm quen để trong học bàn của Thục, trong bộ ba Xuyến, Thục, Cúc Hương. Lá thư chân tình đã thu hút sự tò mò của bộ ba, và họ bị cuốn hút vào trò chơi với người giấu mặt, dần hồi kéo theo Phán củi, anh chàng xấu xí vụng về của lớp làm quân sư và giúp xướng họa thơ. Cuộc truy tìm dẫn mọi người đến nhiều hiểu lầm tai hại và cả những bất ngờ thú vị. Và điều bất ngờ cuối cùng đã được phát hiện quá muộn. Vì sao? Xin để cho bạn đọc tự khám phá."
12800840,https://www.goodreads.com//book/show/12800840-l-n-m-trong-l?language_code=;page=1,Lá nằm trong lá,Nguyễn Nhật Ánh,3.72,"Mở cuốn sách mới của tác giả Nguyễn Nhật Ánh, bạn sẽ gặp những cái tên quen thuộc của những người nổi tiếng ngay trang 5 trang trọng đề tặng “các bạn văn hữu”: nhà thơ Bùi Chí Vinh, Phạm Sỹ Sáu, Lê Minh Quốc, nhà văn Nguyễn Đông Thức, nhà phê bình Huỳnh Như Phương, nhà báo Nguyễn Công Khế, Kim Hạnh, … Tuổi niên thiếu của “những thằng quỷ nhỏ” trong truyện có gắn gì với họ không, có phải là họ không, chỉ họ và tác giả mới biết, nhưng bạn đọc thì có thể tưởng tượng ra một nhóm “thằng” thân thiết, bắt đầu lớn, biết thinh thích con gái và ngập mộng văn chương.Chuyện của bút nhóm học trò, truyện nằm trong truyện, những cơn giận dỗi ghen tuông bạn gái bạn trai với nhau, nhiều nhất vẫn là chuyện nhà trường có các cô giáo hơn trò vài tuổi coi trò như bạn, có thầy hiệu trưởng tâm lý và yêu thương học trò coi trò như con…Trở lại với đề tài học trò, hóm hỉnh và gần gũi như chính các em, Nguyễn Nhật Ánh chắc chắn sẽ được các bạn trẻ vui mừng đón nhận. Cứ lật đằng cuối sách, đọc bài thơ tình trong veo là có thể thấy điều đó “… Khi mùa xuân đến / Tình anh lại đầy / Lá nằm trong lá / Tay nằm trong tay”“Viết cho trẻ con giờ khó hơn xưa. Có hàng bao nhiêu là món giải trí rầm rộ, hoành tráng và lộng lẫy dọn sẵn, muốn thu phục “lũ tiểu yêu” thế kỷ 21 này, nhà văn không chỉ thông thuộc mặt bằng hiểu biết của chúng, mà còn phải tâm tình được với chúng bằng tốc độ của chúng. Có thể nói Nguyễn Nhật Ánh là một người lớn chấp nhận tham dự món du hành tốc độ cao cùng lũ trẻ. Thời thong thả đạp xe, từ tốn khuyên bảo đã qua rồi. Thực ra Nguyễn Nhật Ánh đã biết đi tàu tốc hành từ hai thập niên trước, khi những Kính vạn hoa, Thằng quỷ nhỏ, Bàn có năm chỗ ngồi… đem lại cho văn học thiếu nhi một diện mạo mới mẻ, những câu chuyện tưởng như ấm ớ ngày này qua tháng khác nhưng sao hôm nay nhìn lại, những người đã từng là trẻ con thấy nhớ quá..” (Việt Trung, báo Thanh Niên)“Bước vào khoảng trời của tuổi biết buồn, Nguyễn Nhật Ánh đã ghi lại những bâng khuâng rung cảm đầu đời. Trong tâm tưởng của các em, bây giờ không chỉ nghĩ về cái gì mà còn nghĩ về ai, về một người khác giới cụ thể nào, và về cả bản thân, thế giới ấy tràn ngập những câu hỏi xôn xao về cái-gọi-là-tình-yêu. Truyện của Nguyễn Nhật Ánh đã đưa vào những câu hỏi lớn, muôn thuở, quen thuộc - những câu hỏi mà dường như trong đời ai cũng từng đối diện ít nhất một lần. Vì thế, trong khi độc giả thiếu niên phục lăn vì nhà văn đi guốc vào bụng họ, thì độc giả người lớn mỉm cười mơ màng nhớ lại một thời thơ dại..."" (TS. NGUYỄN THỊ THANH XUÂN, nhà nghiên cứu văn học)"
12456458,https://www.goodreads.com//book/show/12456458-h?language_code=;page=1,Hạ đỏ,Nguyễn Nhật Ánh,3.78,
42448945,https://www.goodreads.com//book/show/42448945-c-m-n-ng-i-l-n?language_code=;page=1,Cảm Ơn Người Lớn,Nguyễn Nhật Ánh,4.09,"Cảm ơn người lớn - một áng văn lãng mạn trong giọng hài hước đặc biệt “dành cho trẻ em, và những ai từng là trẻ em”..Bạn sẽ gặp lại Mùi, Tủn, Tí sún, Hải cò… của Cho tôi xin một vé đi tuổi thơ, cùng chơi những trò chơi quen thuộc, và được đắm mình vào những ước mơ điên rồ, ngốc nghếch nhưng trong veo của tuổi mới lớn hồn nhiên và đầy ắp dự định.Và cả khi họ đã trưởng thành, bạo chúa thời gian đã vùng vẫy thế nào trong cuộc đời của những nhân vật mà bạn yêu quý… Hãy bắt đầu đọc từ bất cứ trang nào, có thể đọc bất cứ lúc nào, và cùng với bất cứ ai. Bạn sẽ nhận được món quà “n trong 1” của nhà văn Nguyễn Nhật Ánh: sẽ n lần thổn thức qua 1 cuốn sách 19 chương đầy ắp tình bạn ngây thơ, tình xóm giềng tốt lành nhân ái, tình yêu đắm đuối ngọt ngào…Cảm ơn người lớn được Nguyễn Nhật Ánh đặt bút viết đúng sau 10 năm ra đời Cho tôi xin một vé đi tuổi thơ – cuốn sách bán chạy tới nay đã 400.000 bản."
11246025,https://www.goodreads.com//book/show/11246025-th-ng-qu-nh?language_code=;page=1,Thằng Quỷ Nhỏ,Nguyễn Nhật Ánh,3.72,
11358944,https://www.goodreads.com//book/show/11358944-hoa-h-ng-x-kh-c?language_code=;page=1,Hoa Hồng Xứ Khác,Nguyễn Nhật Ánh,3.63,
8154806,https://www.goodreads.com//book/show/8154806-bong-b-ng-l-n-tr-i?language_code=;page=1,Bong bóng lên trời,Nguyễn Nhật Ánh,3.71,
12403695,https://www.goodreads.com//book/show/12403695-ph-ng-tr-ba-ng-i?language_code=;page=1,Phòng Trọ Ba Người,Nguyễn Nhật Ánh,3.65,"Phòng trọ ba người là nơi dành cho ba chàng sinh viên Chuyên, Nhiệm, và Mẫn trú ngụ, là nơi họ chia sẻ việc học hành, những trò nghịch ngợm và chia sẻ cả những buồn vui trong đời sống tình cảm. Mẫn, chàng trai nhút nhát vốn quan niệm tình yêu là thứ “ xa xỉ phẩm”, đến lúc phải dựng lên vở kịch tình yêu với sự trợ sức của Thu Thảo, cô học trò tinh nghịch của anh. Trò chơi tưởng chỉ để góp vào không khí sôi động của căn gác trọ ấy, không ngờ đã thực sự cuốn hút chàng trai chuyên “dị ứng với phụ nữ” ấy. Khi buộc lòng phải chấm dứt với trò chơi, cũng là lúc Mẫn cảm thấy buông khuâng như phải chia tay với tình cảm thực sự."
12514965,https://www.goodreads.com//book/show/12514965-ng-i-tr-ng-m-i-khi?language_code=;page=1,Ngôi Trường Mọi Khi,Nguyễn Nhật Ánh,3.98,"Những câu chuyện về nhóm bạn học sinh năm đầu cấp 3 với bao kỷ niệm vui buồn hờn giận, bao nhiêu trò tinh nghịch của tuổi mới lớn. Với những Hạt tiêu, Tóc ngắn, Hột mít, Bảnh trai, Răng chuột, Mặt mụn… đã tạo nên không khí của một lớp học thật dễ thương với bao nhiêu tình cảm yêu thương, cảm động và gần gũi. Đây là sách mới nhất của tác giả viết về tuổi áo trắng mộng mơ và tinh nghịch."
13503902,https://www.goodreads.com//book/show/13503902-bu-i-chi-u-windows?language_code=;page=1,Buổi Chiều Windows,Nguyễn Nhật Ánh,3.58,"Truyện lấy khung cảnh phòng thu máy vi tính của một công ty trách nhiệm hữu hạn, nơi bộ ba nữ sinh vui nhộn và nghịch ngợm Xuyến, Thục, Cúc Hương bạo gan xin đến làm nhân viên vi tính( tạm thời trong thời gian hè) trong khi chưa biết tí gì về tin học. Truyện mô tả mối tình mộng mơ của tuổi mới lớn. Tất nhiên, nhưng mối tình đơn phương vẩn vơ sẽ vỡ tan vì không có cơ sở thực tế."
21052201,https://www.goodreads.com//book/show/21052201-ch-c-m-t-ng-y-t-t-l-nh?language_code=;page=1,Chúc Một Ngày Tốt Lành,Nguyễn Nhật Ánh,3.59,"Đọc tựa cuốn sách mới nhất của nhà văn Nguyễn Nhật Ánh là muốn mở ngay trang sách. Bạn sẽ thấy một thứ ngôn ngữ lạ của Hàn Quốc hay của nước nào tùy bạn đoán, Gô un un là Chào buổi sáng; Un gô gô là Chúc ngủ ngon, và nữa, Chiếp un un; Ăng gô gô; Chiếp chiếp gô…Sau chó Bê Tô, rồi Hai con mèo ngồi bên cửa sổ, nhà văn viết về một cặp heoNhân vật chính là hai con heo con, Lọ Nồi thông minh và Đeo Nơ xinh đẹp, cùng bạn chó Mõm Ngắn con chị Vện, mẹ Nái Sề, anh Đuôi Xoăn, Cánh Cụt và bọn gà chíp nhà chị Mái Hoa, … đã làm nên một câu chuyện vô cùng thú vị..Và thế giới trở nên thay đổi!"
13503897,https://www.goodreads.com//book/show/13503897-n-sinh?language_code=;page=1,Nữ Sinh,Nguyễn Nhật Ánh,3.67,"Một sự bất ngờ, Gia được cử về làm giáo viên chủ nhiệm lớp Xuyến, Thục, Cúc Hương. Ba cô hoảng hồn vì thời gian qua đã “hành hạ” Gia bằng đủ trò nghịch ngợm của mình. Hùng quăn không dám đến lớp vì đã có lần đón đường ném đá Gia gây thương tích. Không chịu nổi người dượng ghẻ. Hùng bỏ nhà ra đi. Với tấm lòng cao thượng. Gia đón Hùng về nhà ở chung với mình. Cuối cùng ba cô bạn cũng tìm ra chỗ ở của Gia. Họ sôi nổi bàn chuyện đi cắm trại và xem phim cho cả lớp."
12212554,https://www.goodreads.com//book/show/12212554-chuy-n-c-t-ch-d-nh-cho-ng-i-l-n?language_code=;page=1,Chuyện Cổ Tích Dành Cho Người Lớn,Nguyễn Nhật Ánh,3.61,"Hẳn bạn đọc ở lứa tuổi học trò đã từng quen thuộc với tác giả Nguyễn Nhật Anh với những truyện ngắn và truyện dài đậm chất học trò như: Trại hoa vàng, Chú bé rắc rối, Phòng trọ ba người, Bồ câu không đưa thư, Những chàng trai xấu tính, Cô gái đến từ hôm qua, Trước vòng chung kết, Hạ đỏ, Hoa hồng xứ khác, Buổi chiều Windows, Ut Quyên và tôi... Với lối viết dung dị và cách chọn đề tài gần gũi với lứa tuổi học trò, như quan hệ thầy trò, trường lớp, bạn bè, gia đình... nên những truyện của ông chiếm được cảm tình của rất nhiều bạn đọc nhỏ tuổi. Họ hào hứng và nóng lóng đón đọc các trang viết của ông. Chúng tôi sẽ lần lượt giới thiệu với bạn đọc các tác phẩm của ông."
8154805,https://www.goodreads.com//book/show/8154805-nh-ng-ch-ng-trai-x-u-t-nh?language_code=;page=1,Những Chàng Trai Xấu Tính,Nguyễn Nhật Ánh,3.57,
50847731,https://www.goodreads.com//book/show/50847731-l-m-b-n-v-i-b-u-tr-i?language_code=;page=1,Làm Bạn Với Bầu Trời,Nguyễn Nhật Ánh,4.21," của Nguyễn Nhật Ánh đã làm được điều này, anh đã “mô tả cái tốt thật đẹp để người ta yêu thích nó”, như anh từng phát biểu “... điểm mạnh của văn chương nằm ở khả năng thẩm thấu. Bằng hình thức đặc thù của mình, văn chương góp phần mài sắc các ý niệm đạo đức nơi người đọc một cách vô hình. Bồi đắp tâm hồn và nhân cách một cách âm thầm và bền bỉ, đó là chức năng gốc rễ của văn chương, đặc biệt là văn chương viết cho thanh thiếu niên.”"
13103979,https://www.goodreads.com//book/show/13103979-nh-ng-c-em-g-i?language_code=;page=1,Những Cô Em Gái,Nguyễn Nhật Ánh,3.59,"Khoa từ quê ra thành phố học, tấp tểnh làm thơ được đăng báo và bắt đầu nổi tiếng trong giới học sinh. Nhờ thế, Khoa được các bạn trai trong lớp hâm mộ, nhờ làm thơ tặng em gái mình, thực tế là dùng thơ ấy tặng bạn gái hoặc người yêu. Run rủi thế nào, những bài thơ ấy được truyền tay qua một con đường vòng nào đó lại đến tay Quyên, cô gái mà Khoa thầm yêu trộm nhớ và những bài thơ làm giùm bạn bè ấy đã lấy cảm tưởng thật từ mối tình chưa ngỏ với Quyên. Sự việc ấy gây nhiều hiểu lầm và nuôi trong Khoa niềm hy vọng trước khi Khoa đối diện với sự thật."
18514396,https://www.goodreads.com//book/show/18514396-thi-n-th-n-nh-c-a-t-i?language_code=;page=1,Thiên thần nhỏ của tôi,Nguyễn Nhật Ánh,3.83,
20934561,https://www.goodreads.com//book/show/20934561-t-quy-n-v-t-i?language_code=;page=1,Út Quyên Và Tôi,Nguyễn Nhật Ánh,3.57,
22057050,https://www.goodreads.com//book/show/22057050-ch-b-r-c-r-i?language_code=;page=1,Chú Bé Rắc Rối,Nguyễn Nhật Ánh,3.63,"Không biết các bạn như thế nào, chứ tôi thì tôi chưa từng lo cho ai bao giờ. Tôi lo cho chính tôi còn chưa xong nữa là. (mới mở đầu truyện thì nhân vật chính đã tâm sự như vậy rồi, nghe thấy RẮC RỐI). Thực sự thì làm sao, vẫn là giọng văn “đọc tức cười”, cách thắt nút, mở nút đầy bất ngờ của tác giả dẫn ta đi hết rắc rối này đến rắc rối khác. Đọc rắc rối nhưng mà thấy thú vị."
15938564,https://www.goodreads.com//book/show/15938564-ng-i-qu-ng-i-n-m-qu-ng?language_code=;page=1,Người Quảng đi ăn mì Quảng,"Nguyễn Nhật Ánh,Đỗ Hoàng Tường",3.78,"Tạp văn của Nguyễn Nhật Ánh không chỉ luận bàn về mì Quảng. Anh nói đủ mọi thứ trên trời dưới bể. Từ món ăn đến thư pháp, từ sân khấu đến điện ảnh, từ chuyện ở nhà đến chuyện cơ quan, từ chuyện siêu thị đến chuyện phố xá, từ chuyện Sài Gòn đến chuyện miền Tây... Anh luận bàn đủ thứ: từ lớn đến nhỏ, từ đồ giả đến cuộc náo loạn Hollywood, từ quạt Cophaco đến quạt Ba Tiêu... Anh cũng thích đủ mọi thứ: từ thú đọc quảng cáo đến nghe cải lương bên sông Tiền, từ xem bóng đá đến ngắm hoa đào trong tranh, rồi “chat”... Rồi buồn và nuối tiếc những kỷ niệm xưa như Chia tay buổi chiều, Sách của một thời, Buồn gì đâu... Anh trò chuyện với đủ mọi người: từ gã họ Đỗ ở báo Sài Gòn Tiếp Thị đến các bạn đọc nhí của tờ Mực Tím, từ chị trông giữ xe đến những người hàng xóm, bà cụ bán nước, từ cô con gái nhỏ trong nhà đến những em bé chẳng hề quen... lang thang trong những kiếp người... Đọc hết, mới thấy một Nguyễn Nhật Ánh thật ân tình và tỉ mỉ. Hóa ra những cuộc trò chuyện của anh cứ tưởng là tầm phào thế mà đầy triết lý. Anh không bàng quan, không thờ ơ với cuộc sống mà nặng lòng với hết thảy. Sau mỗi cuộc chuyện trò, cho dù đó là cuộc gặp gỡ ngẫu nhiên, bao giờ anh cũng phát hiện ra một điều gì đấy - cái điều mà chính anh cũng thấy bất ngờ, thú vị."
12296843,https://www.goodreads.com//book/show/12296843-pho-t-ng-c-a-baltalon?language_code=;page=1,Pho Tượng Của Baltalon,Nguyễn Nhật Ánh,4.02,
15938588,https://www.goodreads.com//book/show/15938588-s-ng-kh-i-qu-nh?language_code=;page=1,Sương khói quê nhà,"Nguyễn Nhật Ánh,Đỗ Hoàng Tường",3.7,"Có thể đặt tên nôm na 3 phần theo số thứ tự trong cuốn Tạp văn mới của Nguyễn Nhật Ánh “Sương khói quê nhà”: Tình quê, Người thân, và Những chuyến đi.34 bài báo, viết từ 2010 đến nay, về các đề tài khác nhau. Những nhớ thương miền quê nghèo Quảng Nam qua kỷ niệm thời thơ bé; tình đời , tình người; tình thâm với bạn văn và những người mà anh yêu quý. Là những suy ngẫm của anh về cuộc đời, qua vô vàn chi tiết nhỏ trong phát hiện khiến đọc là thấy bất ngờ đầy thích thú.Hấp dẫn vô cùng là những bài có liên quan đến sách: từ tiệm sách, đến cuốn sách cụ thể, rồi người làm sách, chuyện sách ở Thụy Điển, Thái Lan… chuyện đi shopping, thời trang,đánh bạc, và tất nhiên chuyện bóng đá cũng được đề cập, vẫn bằng giọng hóm hỉnh vốn có.Nói như nhà thơ Ý Nhi về tạp văn của anh: “Những bài báo – những tạp văn – của Nguyễn Nhật Ánh, mặc dù được viết vào những thời điểm khác nhau và bao gồm những sự việc, những vấn đề rất khác nhau, khi tập hợp lại, đã có được sự gắn kết và đã tạo nên được một vóc dáng mới, một sức lôi cuốn mới”"
13633451,https://www.goodreads.com//book/show/13633451-k-nh-v-n-hoa-1?language_code=;page=1,Kính Vạn Hoa 1,Nguyễn Nhật Ánh,4.37,"Kính Vạn Hoa ra mắt lần này có gì mới? Cũng như ống kính vạn hoa mà mỗi lần lắc lại hoá ra một bông hoa khác nhau, những tập truyện trong Kính Vạn Hoa qua bàn tay nhà ảo thuật Nguyễn Nhật Ánh cũng có một dáng vẻ tươi mới như thế sau mỗi lần xuất hiện.Mỗi tập bao gồm 6 câu chuyện được minh họa bởi Nhóm Cỏ ba lá. Những minh họa này được lựa chọn từ rất nhiều những minh họa về bộ truyện, đó là một cách nhìn mới về nhóm bạn Quý ròm gần gũi hơn với lứa tuổi học trò hôm nay.Kính Vạn Hoa là một bộ bách khoa toàn thư về đời sống học trò được tác giả nhìn qua lăng kính vạn hoa nhiều màu sắc biến ảo sinh động vô cùng thú vị. Là học trò, luôn yêu tuổi học trò, luôn nhớ về tuổi học trò thì không thể không đọc Kính Vạn Hoa.Tập 1:1. Nhà ảo thuật2. Những con gấu bông(P)3. Thám tử nghiệp dư(P)4. Ông thầy nóng tính(P)5. Xin lỗi mày Tai To(P)6. Người bạn lạ lùng(P)"
13624800,https://www.goodreads.com//book/show/13624800-ch-nh-n-n-i-l-ng-ch-ng?language_code=;page=1,Chủ Nhân Núi Lưng Chừng,Nguyễn Nhật Ánh,4.23,"Sau khi ăn quả táo vàng ở núi Lưng Chừng, Nguyên và Kăply đã chính thức trở thành ""Chiến binh giữ đền"" (CBGD) - trình độ pháp thuật ngang ngửa với các siêu phù thủy hạng nhất ở xứ Lang Biang. Cùng lúc đó, nhiều bí mật được vén màn: trùm Bastu lâu nay chính là Ka Ming, còn sứ giả Badd là do Thủ lĩnh phe Ánh Sáng K'Rahlan giả trang. Và giáo sư nhóc tì Akô Nô chính là phân nửa (mặt tốt) của Chủ nhân núi Lưng Chừng (CNNLC), còn nửa kí (mặt xấu) là lão Ôkô Na độc ác tác oai tác quái. Hiệu trưởng N'Trang Long đã tiết lộ cho bọn trẻ biết nguyên nhân sau xa của bi kịch này chính là do cuộc gặp gỡ giữa CNNLC và Đại phù thủy Păng Sur, một nhân vật trong Tam Tiên. Sứ mạng của CBGD vần chưa tiến triển gì nhiều. Vợ chồng K'Rahlan và Ka Ming tạm thời chưa lộ mặt để còn thực hiện nhiệm vụ ngăn chặn sự quay lại của trùm Bastu."
13624795,https://www.goodreads.com//book/show/13624795-bi-n-c-tr-ng-mri?language_code=;page=1,Biến Cố Trường Đămri,Nguyễn Nhật Ánh,4.14,"Buriam, sứ giả thứ tư của trùm Bastu, bị phát hiện chính là vị giáo sư khả ái Hailixiro và sau đó đã bị bắt. Suốt một thời gian dài hắn đã bắt cóc con trai của cô Kemli Trinh, giáo viên trường Đămri, rồi dùng thuật Quỷ mộng để sai khiến cô làm việc cho hắn. Thầy N'Trang Long, hiệu trưởng, phải nhờ cặp ma nhoc song sinh Pôcô - Pôca mới bắt được Buriam. Nhưng đứa con của cô Kemli Trinh lại bị Buriak dùng bùa Ngốc làm cho tưng tửng. Nguyên và Kăply được thầy N'Trang Long giao nhiệm đến núi Lưng Chừng để hái táo vàng, một việc xưa nay chưa ai từng làm được ngoại trừ Đại tiên ông Mackeno, người đứng đầu Tam Tiên."
23289058,https://www.goodreads.com//book/show/23289058-th-ng-nh-tr-long?language_code=;page=1,Thương nhớ Trà Long,"Nguyễn Nhật Ánh,Đỗ Hoàng Tường",3.86,"Thương nhớ Trà Long vẫn mang những chân tình, lãng mạn y như phong cách thường thấy của Nguyễn Nhật Ánh. Câu chuyện đầy ắp tình yêu với mưa, với lá, với ngôi nhà cũ, cuốn sách xưa, cùng nỗi nhớ quê và những kỷ niệm thuở nhỏ... được thể hiện rõ nét trong từng con chữ. Vẫn là những khung cảnh quen thuộc của miền Trung thân thương, vẫn là những địa danh chẳng còn xa lạ như Trà Long, Kế Xuyên, Hà Lam...từ ký ức tác giả đã vẽ ra cho người đọc cả một miền quê với hình ảnh, bối cảnh, không gian, con người của thời ấy, chân thực và tinh tế.Những câu chuyện nhỏ của tuổi thơ được miêu tả nhẹ nhàng, chân thực dẫn dắt người đọc đi qua những ngôi làng nhỏ, những buôi nô đùa của lũ trẻ thơ. Có thể cảm nhận thấy được mùi vị của những món ăn mẹ nấu, màu sắc trái cây mẹ mua, những trò chơi của con nhà nghèo…Như tác giả đã nói: ""Tôi viết truyện cho trẻ em, thực ra cũng là cách để tôi đi tìm lại tuổi thơ - cái tuổi thơ xa xăm mà mỗi lần nhớ tới tôi vừa cảm thấy êm đềm lại vừa nhận ra mình thổn thức, biết rằng món quà tuyệt vời đó một khi thời gian đã đánh cắp sẽ không bao giờ trả lại cho ai.""Và chắc hẳn bạn chưa biết một điều, nhà văn Nguyễn Nhật Ánh từng chia sẻ: ""Tôi yêu Trà Long đến mức khi trở thành nhà văn tôi đã dùng cái tên này đặt tên cho một trong những nhân vật nữ mà tôi yêu nhất trong các tác phẩm của mình: Trà Long, cô bé trong sáng, hồn hậu trong truyện dài Mắt biếc."""
13624802,https://www.goodreads.com//book/show/13624802-b-u-v-t-l-u-i-k-rahlan?language_code=;page=1,Báu Vật Ở Lâu Đài K'Rahlan,Nguyễn Nhật Ánh,4.19,"Phần kết của series chuyện với rất nhiều nút thắt được mở ra. Trùm Bastu chính là Pô Palay Tàn phế, tên trùm Hắc Ám được cho rằng là đã chết cách đây 300 năm dưới tay của Đại tiên ông Mackeno (chính là thầy N'Trang Long), anh trai của hắn. Ông K'Tul, một nhân vật bí hiểm, cha của K'Tub, lại là tay sai của Bastu. Bastu đã luyện được thần chú ""Cực lạc tiêu diêu"", một loại thần chú có sức mạnh vô địch. Báu vật lâu đài K'Rahlan, một thứ bị các phe phái tranh nhau tìm kiếm vì cho rằng đó là câu Thần chú Kim Cương số 7, thật ra chỉ là một chiếc hộp đặc ruột được Tam Tiên dùng để đánh lừa Pô Palay. Uy lực của câu thần chú ""Cực lạc tiêu diêu"" mạnh đến nỗi ngay cả Tam Tiên cũng không thể đối phó. Chính lúc đó, Kăply với con chim thần hộ mệnh Garuda đã đánh bại Bastu. Kết thúc truyện, Kăply và Nguyên được đưa về làng Ke, không rõ có gặp lại bạn bè ở xứ Lang Biang nữa không."
30760045,https://www.goodreads.com//book/show/30760045-tr-c-v-ng-chung-k-t?language_code=;page=1,Trước vòng chung kết,Nguyễn Nhật Ánh,3.72,"Tràn ngập không khí bóng đá, không khí vỉa hè… đậm mùi hào hiệp, thượng võ. Lẽ dĩ nhiên như cuộc đời, có đâu đó những mưu toan nhỏ nhen, những trò chơi bẩn… không đáng mặt anh hào. Nhưng…. (chữ nhưng dành cho sự khám phá của các bạn)“Chưa tới ba giờ chiều, trời còn nắng chang chang, các cầu thủ của hai đội “Mũi tên vàng” và “Sư tử” đã tới ngồi chầu rìa cạnh sân bóng phường 2, chờ tới lượt mình. Thời gian gần đây nhờ sự can thiệp của anh Long, các cầu thủ hè phố này đã được xếp lịch tập dượt tại sân bóng “người lớn” từ ba đến năm giờ chiều trong các ngày thứ hai và thứ sáu mỗi tuần.Còn chiều thứ năm thì tuỳ theo tình hình sân bãi, các chú nhóc có thể được sắp xếp đá “ké” vào giữa hai cữ dượt của các đội bóng thanh niên. Những nạn nhân đau khổ cư ngụ hai bên cửa hàng bách hóa thoạt đầu không hiểu sự tình làm cho mà “lũ tiêu yêu” biến mất đột ngột như vậy và sau đó dĩ nhiên là họ rất thích thú khi biết Đoàn thanh niên phường đã giải quyết được tụ điểm sinh hoạt cho các chú bé hiếu động.Trong khi đó thì “lũ tiểu yêu” đã dời địa bàn hoạt động của mình về sân bóng của phường, cũng với một sự thích thú không kém. Thực ra, cái sân bóng này chỉ mới được thành lập cách nay khoảng ba tháng. Đoàn viên thanh niên trong phường được huy động, với cuốc xẻng trên tay, san phẳng một bãi đất trống vốn trước đay là một trại nuôi gà công nghiệp bị bỏ hoang làm sân vận động. Trong vòng một tuần, cái miếng đất lớn đó đã được cải tạo thành một sân bóng đàng hoàng. Vừa ra đời xong, sân bóng đã chứng minh ngay sự đóng góp của mình. Các đội bóng thanh niên, sau đó là các đội bóng lão tướng, và sau đó nữa là các đội bóng thiếu nhi đã lần lượt được phân giờ giấc tập luyện ở đó. Từ sớm tinh mơ đến sâm sẩm tối, sân bóng nhôn nhịp kẻ ra người vào.Các cầu thủ của hai đội “Mũi tên vàng” và “Sư tử” đặc biệt yêu mến sân bóng “của mình”. Ở đây, trên mảnh đất thân thương này, chúng có thể đá thẳng giò thẳng cẳng mà không phải thấp thỏm nhìn theo trái bóng vô kỷ luật đang lao đầu vô cánh cửa kiếng của một chiếc xe hơi chạy bằng đôi mắt sợ hãi. Ôi, ai mà chẳng sung sướng khi đuổi theo bóng thoả thích mà không phải lo lắng chuẩn bị quơ giầy dép, quần áo chạy toé khói nếu chẳng may trái bóng lỡ chui vô một khung cửa nào đó bên đường ..."" Một trích đoạn của Trước Vòng Chung Kết"""
13633458,https://www.goodreads.com//book/show/13633458-k-nh-v-n-hoa-2?language_code=;page=1,Kính Vạn Hoa 2,Nguyễn Nhật Ánh,4.27,"Kính Vạn Hoa ra mắt lần này có gì mới? Cũng như ống kính vạn hoa mà mỗi lần lắc lại hoá ra một bông hoa khác nhau, những tập truyện trong Kính Vạn Hoa qua bàn tay nhà ảo thuật Nguyễn Nhật Ánh cũng có một dáng vẻ tươi mới như thế sau mỗi lần xuất hiện.Mỗi tập bao gồm 6 câu chuyện được minh họa bởi Nhóm Cỏ ba lá. Những minh họa này được lựa chọn từ rất nhiều những minh họa về bộ truyện, đó là một cách nhìn mới về nhóm bạn Quý ròm gần gũi hơn với lứa tuổi học trò hôm nay.Kính Vạn Hoa là một bộ bách khoa toàn thư về đời sống học trò được tác giả nhìn qua lăng kính vạn hoa nhiều màu sắc biến ảo sinh động vô cùng thú vị. Là học trò, luôn yêu tuổi học trò, luôn nhớ về tuổi học trò thì không thể không đọc Kính Vạn Hoa.Tập 2:7. Bí mật kẻ trộm(P)8. Bắt đền hoa sứ(P)9. Con mả con ma (P)10. Cô giáo Trinh(P)11. Theo dấu chim ưng(P)12. Tiền chuộc(P)"
13105343,https://www.goodreads.com//book/show/13105343-xin-l-i-m-y-tai-to?language_code=;page=1,"Xin lỗi mày, Tai To!",Nguyễn Nhật Ánh,3.82,
13633460,https://www.goodreads.com//book/show/13633460-k-nh-v-n-hoa-3?language_code=;page=1,Kính Vạn Hoa 3,Nguyễn Nhật Ánh,4.37,"Kính Vạn Hoa ra mắt lần này có gì mới? Cũng như ống kính vạn hoa mà mỗi lần lắc lại hoá ra một bông hoa khác nhau, những tập truyện trong Kính Vạn Hoa qua bàn tay nhà ảo thuật Nguyễn Nhật Ánh cũng có một dáng vẻ tươi mới như thế sau mỗi lần xuất hiện.Mỗi tập bao gồm 6 câu chuyện được minh họa bởi Nhóm Cỏ ba lá. Những minh họa này được lựa chọn từ rất nhiều những minh họa về bộ truyện, đó là một cách nhìn mới về nhóm bạn Quý ròm gần gũi hơn với lứa tuổi học trò hôm nay.Kính Vạn Hoa là một bộ bách khoa toàn thư về đời sống học trò được tác giả nhìn qua lăng kính vạn hoa nhiều màu sắc biến ảo sinh động vô cùng thú vị. Là học trò, luôn yêu tuổi học trò, luôn nhớ về tuổi học trò thì không thể không đọc Kính Vạn Hoa.Tập 3:13. Khu vườn trên mái nhà.14. Thủ môn bị từ chối.15. Thi sĩ hạng ruồi.16. Balo màu xanh(P)17. Lọ thuốc tàng hình(P)18. Cuộc so tài vất vả"
13633466,https://www.goodreads.com//book/show/13633466-k-nh-v-n-hoa-4?language_code=;page=1,Kính Vạn Hoa 4,Nguyễn Nhật Ánh,4.44,"Kính Vạn Hoa ra mắt lần này có gì mới? Cũng như ống kính vạn hoa mà mỗi lần lắc lại hoá ra một bông hoa khác nhau, những tập truyện trong Kính Vạn Hoa qua bàn tay nhà ảo thuật Nguyễn Nhật Ánh cũng có một dáng vẻ tươi mới như thế sau mỗi lần xuất hiện.Mỗi tập bao gồm 6 câu chuyện được minh họa bởi Nhóm Cỏ ba lá. Những minh họa này được lựa chọn từ rất nhiều những minh họa về bộ truyện, đó là một cách nhìn mới về nhóm bạn Quý ròm gần gũi hơn với lứa tuổi học trò hôm nay.Kính Vạn Hoa là một bộ bách khoa toàn thư về đời sống học trò được tác giả nhìn qua lăng kính vạn hoa nhiều màu sắc biến ảo sinh động vô cùng thú vị. Là học trò, luôn yêu tuổi học trò, luôn nhớ về tuổi học trò thì không thể không đọc Kính Vạn Hoa.Tập 4:19. Cú nhảy kinh hoàng20. Anh và em21. Tướng quân22. Tấm huy chương vàng23. Cỗ xe ngựa kỳ bí24. Giải thưởng lớn"
13633471,https://www.goodreads.com//book/show/13633471-k-nh-v-n-hoa-5?language_code=;page=1,Kính Vạn Hoa 5,Nguyễn Nhật Ánh,4.38,"Kính Vạn Hoa ra mắt lần này có gì mới? Cũng như ống kính vạn hoa mà mỗi lần lắc lại hoá ra một bông hoa khác nhau, những tập truyện trong Kính Vạn Hoa qua bàn tay nhà ảo thuật Nguyễn Nhật Ánh cũng có một dáng vẻ tươi mới như thế sau mỗi lần xuất hiện.Mỗi tập bao gồm 6 câu chuyện được minh họa bởi Nhóm Cỏ ba lá. Những minh họa này được lựa chọn từ rất nhiều những minh họa về bộ truyện, đó là một cách nhìn mới về nhóm bạn Quý ròm gần gũi hơn với lứa tuổi học trò hôm nay.Kính Vạn Hoa là một bộ bách khoa toàn thư về đời sống học trò được tác giả nhìn qua lăng kính vạn hoa nhiều màu sắc biến ảo sinh động vô cùng thú vị. Là học trò, luôn yêu tuổi học trò, luôn nhớ về tuổi học trò thì không thể không đọc Kính Vạn Hoa.Tập 5:25. Hiệp sĩ ngủ ngày26. Tiết mục bất ngờ27. Phù thủy28. Mùa hè bận rộn29. Hoa tỉ muội30. Quán kem"
13633474,https://www.goodreads.com//book/show/13633474-k-nh-v-n-hoa-6?language_code=;page=1,Kính Vạn Hoa 6,Nguyễn Nhật Ánh,4.32,"Kính Vạn Hoa ra mắt lần này có gì mới? Cũng như ống kính vạn hoa mà mỗi lần lắc lại hoá ra một bông hoa khác nhau, những tập truyện trong Kính Vạn Hoa qua bàn tay nhà ảo thuật Nguyễn Nhật Ánh cũng có một dáng vẻ tươi mới như thế sau mỗi lần xuất hiện.Mỗi tập bao gồm 6 câu chuyện được minh họa bởi Nhóm Cỏ ba lá. Những minh họa này được lựa chọn từ rất nhiều những minh họa về bộ truyện, đó là một cách nhìn mới về nhóm bạn Quý ròm gần gũi hơn với lứa tuổi học trò hôm nay.Kính Vạn Hoa là một bộ bách khoa toàn thư về đời sống học trò được tác giả nhìn qua lăng kính vạn hoa nhiều màu sắc biến ảo sinh động vô cùng thú vị. Là học trò, luôn yêu tuổi học trò, luôn nhớ về tuổi học trò thì không thể không đọc Kính Vạn Hoa.Tập 6:31. Thằng thỏ đế32. Bên ngoài cửa lớp33. Họa mi một mình34. Cháu của bà35. Trúng số độc đắc36. Mười lăm ngọn nến"
13633477,https://www.goodreads.com//book/show/13633477-k-nh-v-n-hoa-9?language_code=;page=1,Kính Vạn Hoa 9,Nguyễn Nhật Ánh,4.31,"Kính Vạn Hoa ra mắt lần này có gì mới? Cũng như ống kính vạn hoa mà mỗi lần lắc lại hoá ra một bông hoa khác nhau, những tập truyện trong Kính Vạn Hoa qua bàn tay nhà ảo thuật Nguyễn Nhật Ánh cũng có một dáng vẻ tươi mới như thế sau mỗi lần xuất hiện.Mỗi tập bao gồm 6 câu chuyện được minh họa bởi Nhóm Cỏ ba lá. Những minh họa này được lựa chọn từ rất nhiều những minh họa về bộ truyện, đó là một cách nhìn mới về nhóm bạn Quý ròm gần gũi hơn với lứa tuổi học trò hôm nay.Kính Vạn Hoa là một bộ bách khoa toàn thư về đời sống học trò được tác giả nhìn qua lăng kính vạn hoa nhiều màu sắc biến ảo sinh động vô cùng thú vị. Là học trò, luôn yêu tuổi học trò, luôn nhớ về tuổi học trò thì không thể không đọc Kính Vạn Hoa.Tập 9:49. Bạn gái50. Cửa hàng bánh kẹo51. Một ngày kì lạ52. Tóc ngắn tóc dài53. Má lúm đồng tiền54. Cà phê áo tím"
13633475,https://www.goodreads.com//book/show/13633475-k-nh-v-n-hoa-7?language_code=;page=1,Kính Vạn Hoa 7,Nguyễn Nhật Ánh,4.35,"Kính Vạn Hoa ra mắt lần này có gì mới? Cũng như ống kính vạn hoa mà mỗi lần lắc lại hoá ra một bông hoa khác nhau, những tập truyện trong Kính Vạn Hoa qua bàn tay nhà ảo thuật Nguyễn Nhật Ánh cũng có một dáng vẻ tươi mới như thế sau mỗi lần xuất hiện.Mỗi tập bao gồm 6 câu chuyện được minh họa bởi Nhóm Cỏ ba lá. Những minh họa này được lựa chọn từ rất nhiều những minh họa về bộ truyện, đó là một cách nhìn mới về nhóm bạn Quý ròm gần gũi hơn với lứa tuổi học trò hôm nay.Kính Vạn Hoa là một bộ bách khoa toàn thư về đời sống học trò được tác giả nhìn qua lăng kính vạn hoa nhiều màu sắc biến ảo sinh động vô cùng thú vị. Là học trò, luôn yêu tuổi học trò, luôn nhớ về tuổi học trò thì không thể không đọc Kính Vạn Hoa.Tập 7:37. Lớp phó trật tự38. Mẹ vắng nhà39. Đoàn kịch tỉnh lẻ40. Lang thang trong rừng41. Kho báu dưới hồ42. Gia sư"
10233089,https://www.goodreads.com//book/show/10233089-nh-o-thu-t?language_code=;page=1,Nhà ảo thuật,Nguyễn Nhật Ánh,3.96,
13633476,https://www.goodreads.com//book/show/13633476-k-nh-v-n-hoa-8?language_code=;page=1,Kính Vạn Hoa 8,Nguyễn Nhật Ánh,4.38,"Kính Vạn Hoa ra mắt lần này có gì mới? Cũng như ống kính vạn hoa mà mỗi lần lắc lại hoá ra một bông hoa khác nhau, những tập truyện trong Kính Vạn Hoa qua bàn tay nhà ảo thuật Nguyễn Nhật Ánh cũng có một dáng vẻ tươi mới như thế sau mỗi lần xuất hiện.Mỗi tập bao gồm 6 câu chuyện được minh họa bởi Nhóm Cỏ ba lá. Những minh họa này được lựa chọn từ rất nhiều những minh họa về bộ truyện, đó là một cách nhìn mới về nhóm bạn Quý ròm gần gũi hơn với lứa tuổi học trò hôm nay.Kính Vạn Hoa là một bộ bách khoa toàn thư về đời sống học trò được tác giả nhìn qua lăng kính vạn hoa nhiều màu sắc biến ảo sinh động vô cùng thú vị. Là học trò, luôn yêu tuổi học trò, luôn nhớ về tuổi học trò thì không thể không đọc Kính Vạn Hoa.Tập 8:43. Khách sạn Hoa Hồng44. Quà tặng ba lần45. Kính vạn hoa46. Người giúp việc khác thường47. Ngủ quên trên đồi48. Kẻ thần bí"
13626145,https://www.goodreads.com//book/show/13626145-ng-th-y-n-ng-t-nh?language_code=;page=1,Ông thầy nóng tính,Nguyễn Nhật Ánh,4.09,
13594885,https://www.goodreads.com//book/show/13594885-nh-ng-con-g-u-b-ng?language_code=;page=1,Những con gấu bông,Nguyễn Nhật Ánh,4.13,None
13146200,https://www.goodreads.com//book/show/13146200-b-m-t-k-tr-m?language_code=;page=1,Bí mật kẻ trộm,Nguyễn Nhật Ánh,3.81,None
13164992,https://www.goodreads.com//book/show/13164992-ba-l-m-u-xanh?language_code=;page=1,Ba lô màu xanh,Nguyễn Nhật Ánh,3.69,None
13626147,https://www.goodreads.com//book/show/13626147-ng-i-b-n-l-l-ng?language_code=;page=1,Người bạn lạ lùng,Nguyễn Nhật Ánh,3.95,
13104267,https://www.goodreads.com//book/show/13104267-h-a-mi-m-t-m-nh?language_code=;page=1,Họa mi một mình,Nguyễn Nhật Ánh,3.87,None
11281443,https://www.goodreads.com//book/show/11281443-m-l-m-ng-ti-n?language_code=;page=1,Má lúm đồng tiền,Nguyễn Nhật Ánh,3.61,"Vòng Ngọc Thạch Anh là một học sinh con nhà giàu nhưng lười học. Để kiếm thêm tiền chơi điện tử, Quới Lương đã nhận chép bài thuê cho Thạch Anh. Sự việc bị phát hiện, mọi người tỏ vẻ khinh bỉ Quới Lương khiến cậu ta tỏ ra rất buồn. Tuy nhiên, Thạch Anh đã nhận ra tai hại của việc chép bài thuê nên sau đó đã tự nhận chép bài đầy đủ. Và Thạch Anh vẫn luôn quý mến Quới Lương, luôn coi Quới Lương là một người bạn tốt của mình."
13605240,https://www.goodreads.com//book/show/13605240-t-c-ng-n-t-c-d-i?language_code=;page=1,Tóc ngắn tóc dài,Nguyễn Nhật Ánh,3.71,None
23161937,https://www.goodreads.com//book/show/23161937-t-ng-qu-n?language_code=;page=1,"Tướng quân (Kính Vạn Hoa, #21)",Nguyễn Nhật Ánh,4.21,
33971865,https://www.goodreads.com//book/show/33971865-b-t-n-hoa-s?language_code=;page=1,Bắt đền hoa sứ,Nguyễn Nhật Ánh,4.28,
13582415,https://www.goodreads.com//book/show/13582415-c-ph-o-t-m?language_code=;page=1,Cà phê áo tím,Nguyễn Nhật Ánh,3.62,None
33978690,https://www.goodreads.com//book/show/33978690-con-m-con-ma?language_code=;page=1,Con mả con ma,Nguyễn Nhật Ánh,4.63,
33668146,https://www.goodreads.com//book/show/33668146-th-m-t-nghi-p-d?language_code=;page=1,Thám tử nghiệp dư,Nguyễn Nhật Ánh,4.67,
33246946,https://www.goodreads.com//book/show/33246946-k-nh-v-n-hoa-2?language_code=;page=1,Kính Vạn Hoa #2,Nguyễn Nhật Ánh,4.53,
33246988,https://www.goodreads.com//book/show/33246988-k-nh-v-n-hoa-4?language_code=;page=1,Kính Vạn Hoa #4,Nguyễn Nhật Ánh,4.57,
13583419,https://www.goodreads.com//book/show/13583419-b-n-g-i?language_code=;page=1,Bạn Gái,Nguyễn Nhật Ánh,3.56,None
43526428,https://www.goodreads.com//book/show/43526428-t-p-th-nguy-n-nh-t-nh?language_code=;page=1,Tập thơ Nguyễn Nhật Ánh,Nguyễn Nhật Ánh,4.5,None
33246665,https://www.goodreads.com//book/show/33246665-k-nh-v-n-hoa-1?language_code=;page=1,Kính Vạn Hoa #1,Nguyễn Nhật Ánh,4.5,"Ra mắt tập đầu tiên từ cuối năm 1995, cho đến nay, Kính Vạn Hoa vẫn giữ kỷ lục là bộ sách dài tập nhất cho thiếu nhi, với số lượng lên tới hàng triệu bản in. Đây là lần tái bản thứ 15 của bộ sách.Ấn bản mới gồm 18 tập với minh họa của họa sĩ Đỗ Hoàng Tường - bạn tri âm tri kỷ, người đồng hành với các tác phẩm của nhà văn Nguyễn Nhật Ánh suốt hơn ba thập kỷ qua. Những minh họa trong ấn phẩm mới này được họa sĩ Đỗ Hoàng Tường trau chuốt kỹ lưỡng. Qua nét vẽ hiện đại, cá tính và đầy nghệ thuật, thế giới học trò tinh nghịch hiện lên sống động hòa quyện với những lời văn của “hoàng tử bé” Nguyễn Nhật Ánh.Tập 1: - Nhà ảo thuật.- Những con gấu bông.- Thám tử nghiệp dư."
33249651,https://www.goodreads.com//book/show/33249651-k-nh-v-n-hoa-13?language_code=;page=1,Kính Vạn Hoa #13,Nguyễn Nhật Ánh,4.67,
23161923,https://www.goodreads.com//book/show/23161923-b-n-ngo-i-c-a-l-p?language_code=;page=1,Bên Ngoài Cửa Lớp,Nguyễn Nhật Ánh,4.23,
33248971,https://www.goodreads.com//book/show/33248971-k-nh-v-n-hoa-11?language_code=;page=1,Kính Vạn Hoa #11,Nguyễn Nhật Ánh,4.58,None
33246958,https://www.goodreads.com//book/show/33246958-k-nh-v-n-hoa-3?language_code=;page=1,Kính Vạn Hoa #3,Nguyễn Nhật Ánh,4.58,
33250372,https://www.goodreads.com//book/show/33250372-k-nh-v-n-hoa-14?language_code=;page=1,Kính Vạn Hoa #14,Nguyễn Nhật Ánh,4.73,
33978700,https://www.goodreads.com//book/show/33978700-c-gi-o-trinh?language_code=;page=1,Cô giáo Trinh,Nguyễn Nhật Ánh,4.55,
36549951,https://www.goodreads.com//book/show/36549951-b-m-t-c-a-t-c-ti-n?language_code=;page=1,Bí Mật Của Tóc Tiên,Nguyễn Nhật Ánh,3.85,None
33988019,https://www.goodreads.com//book/show/33988019-ti-n-chu-c?language_code=;page=1,Tiền chuộc,Nguyễn Nhật Ánh,4.55,
33987981,https://www.goodreads.com//book/show/33987981-theo-d-u-chim-ng?language_code=;page=1,Theo dấu chim ưng,Nguyễn Nhật Ánh,4.45,
33249584,https://www.goodreads.com//book/show/33249584-k-nh-v-n-hoa-12?language_code=;page=1,Kính Vạn Hoa #12,Nguyễn Nhật Ánh,4.8,
34030524,https://www.goodreads.com//book/show/34030524-khu-v-n-tr-n-m-i-nh?language_code=;page=1,Khu vườn trên mái nhà,Nguyễn Nhật Ánh,4.36,
34088718,https://www.goodreads.com//book/show/34088718-th-m-n-b-t-ch-i?language_code=;page=1,Thủ môn bị từ chối,Nguyễn Nhật Ánh,4.27,
30255868,https://www.goodreads.com//book/show/30255868-k-nh-v-n-hoa?language_code=;page=1,"Kính Vạn Hoa (Kính Vạn Hoa, #45)",Nguyễn Nhật Ánh,4.6,None
33247039,https://www.goodreads.com//book/show/33247039-k-nh-v-n-hoa-6?language_code=;page=1,Kính Vạn Hoa #6,Nguyễn Nhật Ánh,4.5,
33247003,https://www.goodreads.com//book/show/33247003-k-nh-v-n-hoa-5?language_code=;page=1,Kính Vạn Hoa #5,Nguyễn Nhật Ánh,4.5,
34088724,https://www.goodreads.com//book/show/34088724-thi-s-h-ng-ru-i?language_code=;page=1,Thi sĩ hạng ruồi,Nguyễn Nhật Ánh,4.4,
33248663,https://www.goodreads.com//book/show/33248663-k-nh-v-n-hoa-9?language_code=;page=1,Kính Vạn Hoa #9,Nguyễn Nhật Ánh,4.67,
30255856,https://www.goodreads.com//book/show/30255856-c-nh-y-kinh-ho-ng?language_code=;page=1,"Cú nhảy kinh hoàng (Kính Vạn Hoa, #19)",Nguyễn Nhật Ánh,4.88,
33247055,https://www.goodreads.com//book/show/33247055-k-nh-v-n-hoa-7?language_code=;page=1,Kính Vạn Hoa #7,Nguyễn Nhật Ánh,4.75,
34118447,https://www.goodreads.com//book/show/34118447-anh-v-em?language_code=;page=1,"Anh và em (Kính Vạn Hoa, #20)",Nguyễn Nhật Ánh,4.75,
33251574,https://www.goodreads.com//book/show/33251574-k-nh-v-n-hoa-17?language_code=;page=1,Kính Vạn Hoa #17,Nguyễn Nhật Ánh,4.63,
33248523,https://www.goodreads.com//book/show/33248523-k-nh-v-n-hoa-8?language_code=;page=1,Kính Vạn Hoa #8,Nguyễn Nhật Ánh,4.5,
34106947,https://www.goodreads.com//book/show/34106947-l-thu-c-t-ng-h-nh?language_code=;page=1,"Lọ thuốc tàng hình (Kính Vạn Hoa, #17)",Nguyễn Nhật Ánh,4.38,
33251128,https://www.goodreads.com//book/show/33251128-k-nh-v-n-hoa-16?language_code=;page=1,Kính Vạn Hoa #16,Nguyễn Nhật Ánh,4.71,
33248870,https://www.goodreads.com//book/show/33248870-k-nh-v-n-hoa-10?language_code=;page=1,Kính Vạn Hoa #10,Nguyễn Nhật Ánh,4.71,
33250573,https://www.goodreads.com//book/show/33250573-k-nh-v-n-hoa-15?language_code=;page=1,Kính Vạn Hoa #15,Nguyễn Nhật Ánh,4.71,
40220166,https://www.goodreads.com//book/show/40220166-hoa-t-mu-i?language_code=;page=1,Hoa Tỉ Muội,Nguyễn Nhật Ánh,4.43,None
33251873,https://www.goodreads.com//book/show/33251873-k-nh-v-n-hoa-18?language_code=;page=1,Kính Vạn Hoa #18,Nguyễn Nhật Ánh,4.67,
34117494,https://www.goodreads.com//book/show/34117494-cu-c-so-t-i-v-t-v?language_code=;page=1,"Cuộc so tài vất vả (Kính Vạn Hoa, #18)",Nguyễn Nhật Ánh,4.5,
44072279,https://www.goodreads.com//book/show/44072279-t-m-huy-ch-ng-v-ng?language_code=;page=1,"Tấm huy chương vàng (Kính Vạn Hoa, #22)",Nguyễn Nhật Ánh,4.5,None
43245216,https://www.goodreads.com//book/show/43245216-c-hai-con-m-o-ng-i-k-b-n-c-a-s?language_code=;page=1,Có Hai Con Mèo Ngồi Kế Bên Cửa Sổ,Nguyễn Nhật Ánh,4.33,None
36237769,https://www.goodreads.com//book/show/36237769-k-nh-v-n-hoa-46---ng-i-gi-p-vi-c-k-l?language_code=;page=1,Kính vạn hoa #46 - Người giúp việc kỳ lạ,Nguyễn Nhật Ánh,4.17,"Kính Vạn Hoa (Bộ Mỏng 46) - Tập 46 - Người Giúp Việc Khác Thường: Nguyễn Nhật Ánh là một nhà văn rất thân thuộc với các độc giả trẻ. Anh là một hiện tượng trong văn học Vịệt Nam.Nguyễn Nhật Ánh chủ yếu viết truyện cho thiếu nhi. Những tác phẩm của anh luôn trở thành một trong những cuốn sách bán chạy nhất tại các hội chợ sách hàng năm.Bộ sách Kính vạn hoa của anh đã được viết trong suốt 15 năm nay. Nó trở thành bộ truyện viết cho thiếu nhi đài tập nhất, xuất bản nhiều nhất từ trước đến nay của Việt Nam.Trong bộ truyện là những câu chuyện về tình yêu thương gia đình, tình bạn bè; về cuộc sống, tâm lý của tuổi học trò đựợc viết một cách giản dị mà hài hước và hấp dẫn.Quý ròm và Tiểu Long nghỉ hè về quê chơi. Tuy nhiên đã có một sự cố bất thường xảy ra với Quý ròm. Quý ròm do áy náy vì đã làm tay của nhỏ Gái bị thương nên đã giúp việc nhà cho nhỏ Gái và chịu sự sai bảo của Thời (anh trai nhỏ Gái). Sau khi biết Quý ròm học rất giỏi, Thời đã thay đổi thái độ và Quý ròm từ người giúp việc đã trở thành gia sư cho hai anh em Thời."
30255869,https://www.goodreads.com//book/show/30255869-k-nh-v-n-hoa?language_code=;page=1,"Kính Vạn Hoa (Kính Vạn Hoa, #45)",Nguyễn Nhật Ánh,4.8,None
52606814,https://www.goodreads.com//book/show/52606814-gia-s?language_code=;page=1,Gia sư,Nguyễn Nhật Ánh,4.6,None
36237759,https://www.goodreads.com//book/show/36237759-k-nh-v-n-hoa-45---k-nh-v-n-hoa?language_code=;page=1,Kính vạn hoa #45 - Kính vạn hoa,Nguyễn Nhật Ánh,4.4,"Kính Vạn Hoa (Bộ Mỏng -2012) - Tập 45 - Kính Vạn Hoa: Nguyễn Nhật Ánh là một nhà văn rất thân thuộc với các độc giả trẻ. Anh là một hiện tượng trong văn học Vịệt Nam.Nguyễn Nhật Ánh chủ yếu viết truyện cho thiếu nhi. Những tác phẩm của anh luôn trở thành một trong những cuốn sách bán chạy nhất tại các hội chợ sách hàng năm.Bộ sách Kính vạn hoa của anh đã được viết trong suốt 15 năm nay. Nó trở thành bộ truyện viết cho thiếu nhi đài tập nhất, xuất bản nhiều nhất từ trước đến nay của Việt Nam.Trong bộ truyện là những câu chuyện về tình yêu thương gia đình, tình bạn bè; về cuộc sống, tâm lý của tuổi học trò đựợc viết một cách giản dị mà hài hước và hấp dẫn.Lời tâm sự và bộc bạch của nhà văn Nguyễn Nhật Ánh về bộ truyện “Kính vạn hoa”. Trong đó, nhà văn đã hé lộ cuộc đời thực của ba nhân vật chính trong truyện : Quý ròm, Tiểu Long, nhỏ Hạnh cùng câu chuyện hấp dẫn về đoàn diễn viên nhí Quý Hồ, Khánh Ly, Đức Long trong quá trình quay bộ phim chuyển thể từ “ Kính vạn hoa”."
51881616,https://www.goodreads.com//book/show/51881616-l-p-ph-tr-t-t?language_code=;page=1,Lớp phó trật tự,Nguyễn Nhật Ánh,4.4,None
36237776,https://www.goodreads.com//book/show/36237776-k-nh-v-n-hoa-48---k-th-n-b?language_code=;page=1,Kính vạn hoa #48 - Kẻ thần bí,Nguyễn Nhật Ánh,4.4,"Kính Vạn Hoa ( Bộ Mỏng - 2012) -Tập 48 - Kẻ Thần Bí: Nguyễn Nhật Ánh là một nhà văn rất thân thuộc với các độc giả trẻ. Anh là một hiện tượng trong văn học Vịệt Nam.Nguyễn Nhật Ánh chủ yếu viết truyện cho thiếu nhi. Những tác phẩm của anh luôn trở thành một trong những cuốn sách bán chạy nhất tại các hội chợ sách hàng năm.Bộ sách Kính vạn hoa của anh đã được viết trong suốt 15 năm nay. Nó trở thành bộ truyện viết cho thiếu nhi đài tập nhất, xuất bản nhiều nhất từ trước đến nay của Việt Nam.Trong bộ truyện là những câu chuyện về tình yêu thương gia đình, tình bạn bè; về cuộc sống, tâm lý của tuổi học trò đựợc viết một cách giản dị mà hài hước và hấp dẫn.Lâm được ba mẹ sắm cho một bộ máy vi tính nối mạng. Ngày nào Lâm cũng chơi trò chơi trên máy tính khiến cho việc học tập giảm sút trầm trọng. Để giúp đỡ Lâm, Quý ròm đã mượn Văn Châu nick của một nhân vật trong trò chơi đó nhằm đưa ra các bài tập giúp Lâm phải tự giải. Nhờ có chiêu đó, Lâm đã học hành khá lên, đạt được kết quả cao trong học tập."
51193323,https://www.goodreads.com//book/show/51193323-ng-qu-n-tr-n-i?language_code=;page=1,"Ngủ Quên Trên Đồi (Kính Vạn Hoa, #47)",Nguyễn Nhật Ánh,3.8,"Sau khi giúp đỡ Thời và nhỏ Gái, Quý ròm còn nhận gia sư cho nhỏ Hường - em của Hiện. Quý ròm rất mến nhỏ Hường do đó bị thằng Mận thường xuyên phục kích bắn vào chân. Bị phát hiện, Mận không dám giở trò với Quý nữa. Không may làng quê bị lụt, nhà của nhỏ Hường cũng bị ngập nước phải lên trú ở trên đồi. Quý ròm, Tiểu Long cùng anh em nhà Lượm đã đi bè giúp đỡ những người dân bị lụt ở xóm dưới và cứu được thằng Mận suýt bị nước cuốn. Khi bắt gặp hình ảnh nhỏ Hường ngủ trên quên trên đồi đã để lại trong lòng Quý ròm những rung động đầu đời khi sắp phải xa làng quê để quay trở về thành phố."
52804804,https://www.goodreads.com//book/show/52804804-lang-thang-trong-r-ng?language_code=;page=1,Lang thang trong rừng,Nguyễn Nhật Ánh,4.5,None
51946406,https://www.goodreads.com//book/show/51946406-m-i-l-m-ng-n-n-n?language_code=;page=1,Mười lăm ngọn nến,Nguyễn Nhật Ánh,4.5,None
52529111,https://www.goodreads.com//book/show/52529111-hi-p-s-ng-ng-y?language_code=;page=1,Hiệp sĩ ngủ ngày,Nguyễn Nhật Ánh,4.5,None
52450859,https://www.goodreads.com//book/show/52450859-qu-n-kem?language_code=;page=1,Quán kem,Nguyễn Nhật Ánh,4.25,None
44072299,https://www.goodreads.com//book/show/44072299-c-xe-ng-a-k-b?language_code=;page=1,"Cỗ xe ngựa kỳ bí (Kính Vạn Hoa, #23)",Nguyễn Nhật Ánh,4.25,None
34862424,https://www.goodreads.com//book/show/34862424-anh-b-c-u---tr-chuy-n-v-i-t-nh-y-u---t-p-5?language_code=;page=1,Anh Bồ Câu - Trò Chuyện Với Tình Yêu - Tập 5,Nguyễn Nhật Ánh,5.0,None
34862418,https://www.goodreads.com//book/show/34862418-anh-b-c-u---tr-chuy-n-v-i-t-nh-y-u---t-p-3?language_code=;page=1,Anh Bồ Câu - Trò Chuyện Với Tình Yêu - Tập 3,Nguyễn Nhật Ánh,5.0,None
34862406,https://www.goodreads.com//book/show/34862406-anh-b-c-u---tr-chuy-n-v-i-t-nh-y-u---t-p-1?language_code=;page=1,Anh Bồ Câu - Trò Chuyện Với Tình Yêu - Tập 1,Nguyễn Nhật Ánh,5.0,None
30056764,https://www.goodreads.com//book/show/30056764-ng-i-tr-ng-ng?language_code=;page=1,Người Trông Đồng,Nguyễn Nhật Ánh,4.0,"Cuốn sách nhỏ được xuất bản như một món quà dành tặng người thân và bằng hữu. Thế nhưng những gì hai truyện ngắn Người trông đồng và Tháng Mười mang đến lại thực sự không nhỏ. Trên nền cốt truyện dường như không có gì mới, một văn phong mượt mà tuôn chảy tựa như những áng văn cổ điển, đẹp một cách mẫu mực. Người trông đồng, một câu chuyện không có cốt chuyện, miên man như đời sống, ẩn chứa một triết lý riêng tây của con người cô đơn giữa đồng hoang, nghĩa địa. Tháng Mười lại khác, một câu chuyện tình đan xen khéo léo giữa thực tại và quá khứ, thấm thía buồn – vui, đi vào tận đáy linh hồn của tình yêu muôn thuở, làm mới mẻ, lay động bất tận điều tưởng chừng đã cũ. Một cuốn sách không thể bỏ qua đối với những người yêu mến văn chương."
52804770,https://www.goodreads.com//book/show/52804770-o-n-k-ch-t-nh-l?language_code=;page=1,Đoàn kịch tỉnh lẻ,Nguyễn Nhật Ánh,4.0,None
30652844,https://www.goodreads.com//book/show/30652844-m-a-h-b-n-r-n?language_code=;page=1,Mùa Hè Bận Rộn (Kính Vạn Hoa #21),Nguyễn Nhật Ánh,4.0,None
36237750,https://www.goodreads.com//book/show/36237750-k-nh-v-n-hoa-43---kh-ch-s-n-hoa-h-ng?language_code=;page=1,Kính vạn hoa #43 - Khách sạn hoa hồng,Nguyễn Nhật Ánh,3.75,"Kính Vạn Hoa (Bộ Mỏng - 2012 ) - Tập 43 -Khách Sạn Hoa Hồng: Nguyễn Nhật Ánh là một nhà văn rất thân thuộc với các độc giả trẻ. Anh là một hiện tượng trong văn học Vịệt Nam.Nguyễn Nhật Ánh chủ yếu viết truyện cho thiếu nhi. Những tác phẩm của anh luôn trở thành một trong những cuốn sách bán chạy nhất tại các hội chợ sách hàng năm.Bộ sách Kính vạn hoa của anh đã được viết trong suốt 15 năm nay. Nó trở thành bộ truyện viết cho thiếu nhi đài tập nhất, xuất bản nhiều nhất từ trước đến nay của Việt Nam.Trong bộ truyện là những câu chuyện về tình yêu thương gia đình, tình bạn bè; về cuộc sống, tâm lý của tuổi học trò đựợc viết một cách giản dị mà hài hước và hấp dẫn.Để lấy tiền uống rượu, ba dượng của Bá đã giả làm một cuộc bắt cóc con trai mình. Được sự giúp đỡ của nhóm thám tử Quý ròm, nhỏ Hạnh, Tiểu Long, Bá đã có cơ hội gặp được người ba ruột ở “Khách sạn hoa hồng”. Sau đó, nhóm thám tử nhí thông minh đã tìm ra sự thật em Bá không phải bị bắt cóc mà chỉ được gửi xuống nhà người cô. Việc làm đó đã khiến ba dượng của Bá rất ân hận và quyết tâm tu chí."
52606662,https://www.goodreads.com//book/show/52606662-k-nh-v-n-hoa?language_code=;page=1,Kính vạn hoa,Nguyễn Nhật Ánh,4.67,None
51257368,https://www.goodreads.com//book/show/51257368-c-a-h-ng-b-nh-k-o?language_code=;page=1,"Cửa hàng bánh kẹo (Kính Vạn Hoa, #50)",Nguyễn Nhật Ánh,4.33,"Sau khi giúp đỡ Thời và nhỏ Gái, Quý ròm còn nhận gia sư cho nhỏ Hường - em của Hiện. Quý ròm rất mến nhỏ Hường do đó bị thằng Mận thường xuyên phục kích bắn vào chân. Bị phát hiện, Mận không dám giở trò với Quý nữa. Không may làng quê bị lụt, nhà của nhỏ Hường cũng bị ngập nước phải lên trú ở trên đồi. Quý ròm, Tiểu Long cùng anh em nhà Lượm đã đi bè giúp đỡ những người dân bị lụt ở xóm dưới và cứu được thằng Mận suýt bị nước cuốn. Khi bắt gặp hình ảnh nhỏ Hường ngủ trên quên trên đồi đã để lại trong lòng Quý ròm những rung động đầu đời khi sắp phải xa làng quê để quay trở về thành phố."
40011286,https://www.goodreads.com//book/show/40011286-k-nh-v-n-hoa-k-nh-v-n-hoa?language_code=;page=1,"Kính Vạn Hoa (Kính Vạn Hoa (bộ dày), #5)",Nguyễn Nhật Ánh,4.33,None
36237781,https://www.goodreads.com//book/show/36237781-k-nh-v-n-hoa-51---m-t-ng-y-k-l?language_code=;page=1,Kính vạn hoa #51 - Một ngày kỳ lạ,Nguyễn Nhật Ánh,4.0,"Kính Vạn Hoa ( Bộ Mỏng- 2012) - Tập 51 - Một Ngày Kỳ Lạ: Nguyễn Nhật Ánh là một nhà văn rất thân thuộc với các độc giả trẻ. Anh là một hiện tượng trong văn học Vịệt Nam.Nguyễn Nhật Ánh chủ yếu viết truyện cho thiếu nhi. Những tác phẩm của anh luôn trở thành một trong những cuốn sách bán chạy nhất tại các hội chợ sách hàng năm.Bộ sách Kính vạn hoa của anh đã được viết trong suốt 15 năm nay. Nó trở thành bộ truyện viết cho thiếu nhi đài tập nhất, xuất bản nhiều nhất từ trước đến nay của Việt Nam.Trong bộ truyện là những câu chuyện về tình yêu thương gia đình, tình bạn bè; về cuộc sống, tâm lý của tuổi học trò đựợc viết một cách giản dị mà hài hước và hấp dẫn.Khi làm đề văn :""Bạn hãy kể lại một ngày kỳ lạ trong đời"", thằng Mười bảo ngày kỳ lạ nhất trong đời nó là có một đêm nó ra sau hè khấn vái, hôm sau lập tức có một người bí mật gửi tiền cho nó, vài tháng lại gửi một lần. Nhỏ Hạnh, Quý ròm và Tiểu Long cãi nhau ỏm tỏi về chuyện đứa bảo thằng Mười nói thật, đứa khăng khăng nó nói dối..."
34862422,https://www.goodreads.com//book/show/34862422-anh-b-c-u---tr-chuy-n-v-i-t-nh-y-u---t-p-4?language_code=;page=1,Anh Bồ Câu - Trò Chuyện Với Tình Yêu - Tập 4,Nguyễn Nhật Ánh,5.0,None
51831208,https://www.goodreads.com//book/show/51831208-ti-t-m-c-b-t-ng?language_code=;page=1,Tiết mục bất ngờ,Nguyễn Nhật Ánh,5.0,None
40011279,https://www.goodreads.com//book/show/40011279-k-nh-v-n-hoa-k-nh-v-n-hoa?language_code=;page=1,"Kính Vạn Hoa (Kính Vạn Hoa (bộ dày), #4)",Nguyễn Nhật Ánh,4.5,"Văn Châu như không tin vào mắt mình. Tay run run cầm tờ vé số, nó đờ đẫn dán chặt mắt vào tấm bảng ghi kết quả sổ xố đặt trước cửa hiệu đại lý vé số. Nó nhìn chăm chăm như thế một hồi như để ghim chặt các con số vào trí nhớ rồi lại nhìn xuống tờ vé số trên tay. Đúng là nó không lầm. Cả hai dãy số đều khớp nhau hoàn toàn: 18557. Đó là dãy số trúng giải đặc biệt, cũng là dãy số trên tờ vé số của nó. Như vậy có nghĩa là nó trúng số. Mà lại trúng giải đặc biệt, nói theo ba mẹ nó là trúng số độc đắc... (Trúng số độc đắc). Kính vạn hoa của nhà văn Nguyễn Nhật Ánh là bộ sách thiếu nhi nhiều tập nhất và được xuất bản nhiều nhất với những câu chuyện nhỏ liên quan đến cuộc sống của những cô cậu học trò nghịch ngợm. Nếu đã đọc tập 1, 2.. thì bạn sẽ khó có thể bỏ qua những tập tiếp theo bởi sức thu hút mãnh liệt của từng câu chuyện. Mục lục: - Mùa hè bận rộn - Hoa tỉ muội - Quán kem - Thằng thỏ đế - Bên ngoài cửa lớp - Hoạ mi một mình - Cháu của bà - Trúng số độc đắc - Mười lăm ngọn nến"
52450807,https://www.goodreads.com//book/show/52450807-qu-t-ng-ba-l-n?language_code=;page=1,Quà tặng ba lần,Nguyễn Nhật Ánh,4.5,None
40011296,https://www.goodreads.com//book/show/40011296-k-nh-v-n-hoa-k-nh-v-n-hoa?language_code=;page=1,"Kính Vạn Hoa (Kính Vạn Hoa (bộ dày), #6)",Nguyễn Nhật Ánh,4.5,
36237779,https://www.goodreads.com//book/show/36237779-k-nh-v-n-hoa-49---b-n-g-i?language_code=;page=1,Kính vạn hoa #49 - Bạn gái,Nguyễn Nhật Ánh,4.5,"Kính Vạn Hoa (Bộ Mỏng - 2012) - Tập 49 - Bạn Gái: Nguyễn Nhật Ánh là một nhà văn rất thân thuộc với các độc giả trẻ. Anh là một hiện tượng trong văn học Vịệt Nam.Nguyễn Nhật Ánh chủ yếu viết truyện cho thiếu nhi. Những tác phẩm của anh luôn trở thành một trong những cuốn sách bán chạy nhất tại các hội chợ sách hàng năm.Bộ sách Kính vạn hoa của anh đã được viết trong suốt 15 năm nay. Nó trở thành bộ truyện viết cho thiếu nhi đài tập nhất, xuất bản nhiều nhất từ trước đến nay của Việt Nam.Trong bộ truyện là những câu chuyện về tình yêu thương gia đình, tình bạn bè; về cuộc sống, tâm lý của tuổi học trò đựợc viết một cách giản dị mà hài hước và hấp dẫn.Thủy Tiên được Quý ròm nhờ đóng giả người chơi trong game Giang hồ thánh chiến dưới cái nick Mai Giáng Tuyết. Cuộc gặp gỡ giữa Lâm và Thủy Tiên đã khiến cho Lâm có cảm tình đặc biệt với cô bạn cùng lớp nhất là sau khi biết Thủy Tiên chính là người điều khiển nhân vật Mai Giáng Tuyết trong trò chơi. Nhưng, người chơi Mai Giáng Tuyết lại là Văn Châu vì vậy cô bạn này đã làm Lâm thất vọng khi liên tiếp đánh gục Lâm - Kẻ thần bí. Do hiểu lầm, Lâm đã rất tức Thủy Tiên. Khi biết người điều khiển Mai Giáng Tuyết là Văn Châu không phải Thủy Tiên, Lâm đã hết giận Thủy Tiên và càng mến cô bạn này hơn."
40011259,https://www.goodreads.com//book/show/40011259-k-nh-v-n-hoa-k-nh-v-n-hoa?language_code=;page=1,"Kính Vạn Hoa (Kính Vạn Hoa (bộ dày), #3)",Nguyễn Nhật Ánh,4.0,"“Kính vạn hoa là bộ sách liên hoàn, mỗi tập một màu sắc óng ánh, phản ánh cuộc sống linh hoạt của các em, một cuộc sống bình thường nhưng chứa bao điều mới mẻ trong các mối quan hệ giữa con cái với bố mẹ, trò đối với thầy, và trong thế giới “nhất quỷ nhì ma thứ ba học trò”. Mỗi truyện trong bộ Kính vạn hoa đều hướng tới việc mở rộng sự hiểu biết của các em đối với thế giới bên ngoài, giúp các em hiểu thêm vẻ đẹp của một cuộc sống giản dị, ấm áp tình người”. (Nhà phê bình Vân Thanh - Tạp chí Văn học, số 6/1998) MỤC LỤC CÚ NHẢY KINH HOÀNG ANH VÀ EM TƯỚNG QUÂN TẤM HUY CHƯƠNG VÀNG CỖ XE NGỰA KỲ BÍ GIẢI THƯỞNG LỚN HIỆP SĨ NGỦ NGÀY TIẾT MỤC BẤT NGỜ PHÙ THỦY."
40011248,https://www.goodreads.com//book/show/40011248-k-nh-v-n-hoa-k-nh-v-n-hoa?language_code=;page=1,"Kính Vạn Hoa (Kính Vạn Hoa (bộ dày), #2)",Nguyễn Nhật Ánh,4.0,"“Tôi nghĩ rằng giáo dục có nhiều dạng. Bây giờ giáo dục các em mà áp đặt một cách cứng nhắc, khiên cưỡng thì có khi lại không vào các em được. Phải giáo dục thế nào đó làm cho các em yêu cuộc sống, yêu bạn bè, thương yêu gia đình nhưng lại rất giản dị, tức là người được giáo dục không có cảm giác mình bị giáo dục. Đấy mới là giáo dục đúng nhất và siêu nhất, và chỉ có cách ấy thì mới đến được với các em. Nguyễn Nhật Ánh đã chọn con đường này và tôi có thể nói rằng anh rất thành công. Các em rất yêu thích tác phẩm Kính vạn hoa, tôi nghĩ rằng tác phẩm không có giá trị thì không thể nào tác động vào các em được. (Nhà thơ Trần Đăng Khoa - Đài Tiếng nói Việt Nam, ngày 27-12-2003)MỤC LỤCCÔ GIÁO TRINHTHEO DẤU CHIM ƯNGTIỀN CHUỘCKHU VƯỜN TRÊN MÁI NHÀTHỦ MÔN BỊ TỪ CHỐITHI SĨ HẠNG RUỒIBA LÔ MÀU XANHLỌ THUỐC TÀN HÌNHCUỘC SO TÀI VẤT VẢ."
40011239,https://www.goodreads.com//book/show/40011239-k-nh-v-n-hoa-k-nh-v-n-hoa?language_code=;page=1,"Kính Vạn Hoa (Kính Vạn Hoa (bộ dày), #1 )",Nguyễn Nhật Ánh,4.0,"“Đọc Kính vạn hoa, tôi cảm thấy Nguyễn Nhật Ánh đã dày công phản ánh những sinh hoạt muôn mặt của lứa tuổi học trò. Từ cách học với các thủ thuật “phổ thơ” để ghi nhớ thuộc lòng các công thức Toán, Lý, Hóa, Anh văn… đến lối làm thơ, kể vè, dựng hoạt cảnh để học tập các môn Văn, Sử. Từ trò chơi bóng đá, thi giải câu đố… ở sân trường đến những chuyến đi nghỉ hè khám phá các vùng xa. Từ việc tìm hiểu (và yêu mến) những người thân trong gia đình, thầy cô giáo, đến việc làm quen với những bà con lao động đủ các nghề nghiệp: bán hàng rong, hốt rác, diễn thế thân (cascadeur), đạo diễn điện ảnh, nghệ sĩ ngôi sao, cầu thủ siêu hạng… Một độc giả - Võ Hồng Quân, lớp 10C3, PTTH chuyên Hà Nam - đã đưa Kính vạn hoa vào Kho vàng kiến thức, tôi muốn gọi Kính vạn hoa là một bộ Tiểu bách khoa cho thiếu nhi”. (Nhà văn Văn Hồng, Nguyên Tổng biên tập Nhà xuất bản Kim Đồng - Báo Tiền Phong chủ nhật, 22-9-2002)Mục lục:Nhà ảo thuậtNhững con gấu bôngThám tử nghiệp dưÔng thầy nóng tínhXin lỗi mày, tai toNgười bạn lạ lùngBí mật kẻ trộmBắt đền hoa sứCon mả Con ma."
51602361,https://www.goodreads.com//book/show/51602361-th-ng-th?language_code=;page=1,Thằng thỏ đế,Nguyễn Nhật Ánh,4.0,None
52804751,https://www.goodreads.com//book/show/52804751-kho-b-u-d-i-h?language_code=;page=1,Kho báu dưới hồ,Nguyễn Nhật Ánh,4.0,None
34862413,https://www.goodreads.com//book/show/34862413-anh-b-c-u---tr-chuy-n-v-i-t-nh-y-u---t-p-2?language_code=;page=1,Anh Bồ Câu - Trò Chuyện Với Tình Yêu - Tập 2,"Nguyễn Nhật Ánh,Anh Bồ Câu",5.0,None
54620839,https://www.goodreads.com//book/show/54620839-i-see-yellow-flowers-in-the-green-grass?language_code=;page=1,I See Yellow Flowers in the Green Grass,Nguyễn Nhật Ánh,0.0,None
53206470,https://www.goodreads.com//book/show/53206470-th-t-nh?language_code=;page=1,Thơ tình,Nguyễn Nhật Ánh,0.0,None
53206453,https://www.goodreads.com//book/show/53206453-t-tuy-t-cho-n-ng?language_code=;page=1,Tứ tuyệt cho nàng,Nguyễn Nhật Ánh,0.0,None
53206485,https://www.goodreads.com//book/show/53206485-l-h-i-c-a-m-en?language_code=;page=1,Lễ hội của đêm đen,Nguyễn Nhật Ánh,0.0,None
53642005,https://www.goodreads.com//book/show/53642005-tr-ch-i-l-ng-m-n-c-a-t-nh-y-u?language_code=;page=1,Trò chơi lãng mạn của tình yêu,Nguyễn Nhật Ánh,0.0,None
53206504,https://www.goodreads.com//book/show/53206504-b-m-t-c-a-m-t-v-s?language_code=;page=1,Bí mật của một võ sĩ,Nguyễn Nhật Ánh,0.0,None
28961747,https://www.goodreads.com//book/show/28961747-th-m-th-m-b-ng-ng-i?language_code=;page=1,Thăm thẳm bóng người,Nguyễn Nhật Ánh,0.0,None
53206479,https://www.goodreads.com//book/show/53206479-u-xu-n-ra-s-ng-gi-t-o?language_code=;page=1,Đầu xuân ra sông giặt áo,Nguyễn Nhật Ánh,0.0,None
53206511,https://www.goodreads.com//book/show/53206511-c-ph-t-n?language_code=;page=1,Cú phạt đền,Nguyễn Nhật Ánh,0.0,None
53206495,https://www.goodreads.com//book/show/53206495-th-nh-ph-th-ng-t?language_code=;page=1,Thành phố tháng tư,"Lê Thị Kim,Nguyễn Nhật Ánh",0.0,None
