ID_COMMENT,COMMENTS_CONTENT
1,What a lovely review! :)
2,Cực kỳ đồng ý!
2,"Này cô kia, suốt ngày Goodreads thế đó hả :D"
2,"đúng thế, tại tự nhiên tìm được người chăm chỉ update Goodreads với mềnh :-"""
2,"Đồng ý hoàn toàn với nhận xét của bạn. Thậm chí mình cho rằng giọng văn trong truyện này còn có vẻ hơi giống ""bắt chiếc"" giọng văn ở trong các truyện nước ngoài."
2,"Nhưng bạn thử tìm ""Có 2 con mèo ngồi bên cửa sổ"" đọc thử nhé. Khá là duyên và đáng yêu đấy. Chỉ có mỗi tội là hơi trẻ con quá một tẹo thôi. Nhưng ít nhất là còn rất nhiều chất chú Ánh :p"
2,@Cmeo haha
3,"You are totally right. This guy tends to wander in his own thoughts and as time went by, his writings got more and more incoherent. He kept using sentences like ""Back then, the girl used to do this and that"", ""A while ago, I did not use to do this and that"", ""Back then, my mother/grandmother used to do this and that"". I remember there was one time I was reading his book, and within 3 paragraphs, he jumped from present day to the past and to the present day again, then to the past, and then to the present day again good LORD. And within that 3 paragraphs, he had like used his ""Back then..."" 3-4 times. After that I kind of gave up on him. His writing is no doubt the 'friendliest' Vietnamese lit out there, and can be read by anybody, but my advice would be that you should read his books that were written before 2000."
3,"Becky wrote: ""You are totally right. This guy tends to wander in his own thoughts and as time went by, his writings got more and more incoherent. He kept using sentences like ""Back then, the girl used to do this...""I get what you mean! I actually had to read this one part thrice because he said he ended up doing this... and in the next part he said oh but I didn't.Turns out, he did it in his childhood while playacting with friends, but in real life he didn't actually do it.Seriously..."
3,I think it's because the translation.I gave this book 3 stars but the translated?2stars
3,What does she have to do with you?This is a rating.NOT a chat page.Why do you ramdomly show up on hers?
6,Tiếp quyển Cảm ơn người lớn cho trọn vẹn luôn bạn :)
6,"Ivy wrote: ""Tiếp quyển Cảm ơn người lớn cho trọn vẹn luôn bạn :)""mình đọc cuốn đó ngay khi nó mới ra rồi bạn ạ =))))) còn đi tgia kí tặng sách của bác Ánh =)))) hem thích bằng cuốn này"
6,So great ^^
8,Chị có thời gian nghía thử Tôi là Bêto với Vừa nhắn mắt vừa mở cửa sổ nha chị
18,"Bạn ui, mình có một góp ý nho nhỏ cho bạn chính là ""một bài hát"" chứ không phải là ""chiếc bài hát"" bạn nhé ^-^"
25,"Lí do k cho 5/5 vì mình nghĩ rằng mình vẫn còn đang ở cái tuổi ngấp ngưỡng. Đương nhiên 20 thì k còn nhỏ nữa rồi, nhưng thật sự trưởng thành và chín chắn thì chưa. Vậy nên, mình hiện tại đọc quyển sách này để thấy đồng cảm với con nít. Còn sau này, có gia đình, mình lại đọc để thông cảm cho con nít. Khi nào trải qua đc cả 2 luồng cảm xúc đó thì mình sẵn sàng đánh giá 5/5 rồi."
30,"Bạn ơi, cuốn này có phù hợp với trẻ em học lớp 2 không nhỉ? Em mình thích truyện của bác Ánh lắm mà mình k biết cuốn nào không có tình yêu như đảo mộng mơ vs tôi là Bêto, nếu bạn có biết cuốn nào như vậy thì giới thiệu mình với nhé!"
30,"Mình thấy truyện này thì cũng chỉ xoay quanh câu chuyện của các bạn nhỏ ở vùng quê, cũng ko có các chi tiết gì nhạy cảm đâu (theo mình nhớ là vậy). Nhưng mình hơi lo vì nếu bé lớp 2 thì ko rõ bé có hiểu hết ý ko. Nhưng nếu bé đã đọc tôi là bê tô thì đọc quyển này chắc ok ạ. Mình thấy đọc tôi thấy hoa vàng trên cỏ xanh cũng khá là hợp với trẻ nhỏ đọc bạn nhé"
30,Cảm ơn bạn nhiều nha :grinning_face_with_smiling_eyes:
40,what's about?
40,"Its a book quite famous in Viet Nam, about the childhood memories with the lens of adults."
48,"Đúng rồi đó bạn, mình cũng cảm thấy cực kì khó chịu với những cái quan điểm riêng mà bác ấy tự cá nhân hoá thành triết lý chung cho mọi người vậy."
55,khen nhiều mà cho điểm ít thế :v
67,oke mình sẽ đọc Trại hoa vàng
67,Ok cậu
261,lam sao de doc dc noi dung cuon sach vay ban ? chi minh voi. minh moi tham gia lan dau
261,"Quocuongvl wrote: ""lam sao de doc dc noi dung cuon sach vay ban ? chi minh voi. minh moi tham gia lan dau""Quocuongvl wrote: ""lam sao de doc dc noi dung cuon sach vay ban ? chi minh voi. minh moi tham gia lan dau""Mua sách hoặc đọc online bạn ơi:)"
261,đọc online trên web này hay link sang web khac ?chỉ mình với !hic.
296,"Sounds like you would resonate well with the ""parents"" in the story. It's good to hear a review with another perspective, though."
301,Đơn giảm là ngạn chỉ yêu Hà lan. Và ngạn nhận ra trà Long chỉ là cái bóng của Hà lan thôi.
301,Trời ơi Mắt biếc ơi tao đã khóc rồi đó
301,..
301,Mình đọc rồi thấy cũng buồn cho Ngạn
302,"Tớ chỉ thường bảo là tụi mình quá tuổi để đọc truyện ""thiếu nhi"" thôi. Nên có lẽ mình chỉ nên review và hạn chế rating truyện của bác Ánh :))"
302,Tui thì thấy nhân vật nam chính (tình yêu) trong truyện bác Ánh thường là losers :)) nhưng dù sao đây cũng là kí ức tuổi thơ. Mình nghĩ vì vậy mọi người luôn luôn yêu quý những cảm xúc non nớt đó. :)))) Hồi xưa đọc thấy thảm cho ông Ngạn quá cơ. Hihi.
302,t thực sự không hiểu mấy vụ si tình nên thực sự chắc đọc mấy quyển viết về chuyện si thế này chắc cũng không chịu được :v thui chia bùn cùng cô =)))
302,"Thi wrote: ""Tớ chỉ thường bảo là tụi mình quá tuổi để đọc truyện ""thiếu nhi"" thôi. Nên có lẽ mình chỉ nên review và hạn chế rating truyện của bác Ánh :))""yeah đúng là như thế :)) sau khi đọc xong quyển này tớ kiểu bị tụt mood ấy vì mong chờ một điều gì đó hơn thế nhưng mà đúng, chắc do Nguyễn Nhật Ánh là nhà văn cho thiếu nhi nên chắc cũng quá tuổi để đọc rồi :))"
302,"Thiên wrote: ""Tui thì thấy nhân vật nam chính (tình yêu) trong truyện bác Ánh thường là losers :)) nhưng dù sao đây cũng là kí ức tuổi thơ. Mình nghĩ vì vậy mọi người luôn luôn yêu quý những cảm xúc non nớt đó. ...""Thực ra về ký ức tuổi thơ rồi kiểu tình cảm đơn phương ngây ngô tuổi học trò ý tớ lại thích cuốn Còn Chút Gì Để Nhớ của bác Ánh hơn, cuốn đó nam chính cũng lụy cơ mà không đến độ quá thể đáng như trong đây. Cuốn đó tớ cũng ưng dòng nhân vật phụ nữa."
302,"Silver wrote: ""t thực sự không hiểu mấy vụ si tình nên thực sự chắc đọc mấy quyển viết về chuyện si thế này chắc cũng không chịu được :v thui chia bùn cùng cô =)))""chuẩn đóa vẫn đang ức chế quyển này thí mồ =))))"
302,Nếu ngày xưa Nguyễn Nhật Ánh đọc được review này thì truyện đã khác rồi nhỉ :D
302,Bạn có thể chỉ cho mình cách làm sao để đọc sách trên Goodreads được không ạ
302,"kkk đọc review mà thấy thương em í quá, bị mất 0.5 điểm lần khảo bài thứ hai :)))Tớ thấy có nhiều đồng quan điểm vs cậu đấy, sẽ không thích tác phẩm này.Tớ thì phần phía kia, kiểu tớ đọc đúng thời điểm, rồi tính của tớ khá là giống Ngạn.Nhưng mà k sao vì là mỗi ng sẽ có mỗi cảm nhận riêng. Rất vui khi đọc được nhưng dòng review của cậu :)))"
302,@halo lol mỗi người một ý kiến cũng như mỗi người một gu đọc khác nhau nên hem sao =))) kiểu thỉnh thoảng đọc mấy review trái chiều mình cũng hay mà =))
302,Bạn nào có thể giúp mình cách đọc sách ở đây được kg ạ?
302,"Hương wrote: ""Bạn nào có thể giúp mình cách đọc sách ở đây được kg ạ?""bạn ơi đây là trang review có phải trang để đọc sách đâu"
302,Đồng cảm với bạn :face_with_tears_of_joy:
302,Nhân vật Hà Lan thì có thể hiểu được bởi vì đó là tình yêu mà Hà Lan dành cho Dũng là thật lòng. Rồi khi muốn chia sẻ thì lại không có ai thật sự thân thiết như Ngạn để bày tỏ. Mặc dù Hà Lan biết Ngạn yêu cô ấy. Đáng trách là nhân vật Ngạn đã không quyết đoán mà lại để bị vướng vào trường hợp như vậy. Nói chung là nhân vật Ngạn là nhân vật gây nhiều ức chế cho mình.
303,"Phần nào giống với những cảm nhận của mình về NNA, mình không hiểu sao truyện của ông nổi tiếng thế (theo nghĩa mình quan sát nó bán chạy, nhiều người xung quanh mình biết đến và đọc) nhưng mình lại không hề thích một quyển nào trong số đó. Cám ơn bạn đã diễn đạt những gì mà mình thấy mơ hồ. Mắt biếc mình đã đọc mà còn không nhớ nổi truyện viết về cái gì :("
303,"Sách vừa mang một cái nỗi đau da diết của việc yêu đơn phương mà sách còn khai thác triệt để được cảnh đẹp của làng Đo Đo. Nhưng điều mình không thích ở sách chính là tác giả đã cho một tình yêu màTrà Long ( Con Hà Lan) đã nảy sinh tình cảm với Ngạn, theo mình là không được phù hợp lắm, dù rằng đây cũng là tình yêu xuất phát từ một phía giống của Ngạn( yêu Hà Lan)"
305,"Cậu recommend trên YouTube hay quá, tớ đọc liền tù tì mấy đêm, hay ơi là hay luôn, kiểu tớ lần đầu đọc truyện của bác Ánh nữa, nc là siêu siêu hay luoonnnnnnnn, thanks cậu rất rất nhiều :smiling_face_with_smiling_eyes:"
307,Em cũng ghét và rate còn thấp hơn anh :))
307,thanh niên cay cú nhân vật :))
307,Mình cũng ghét nó :)) nhưng đây đúng là 1 trong số ít tác phẩm đọc xong mình cứ vẫn cảm thấy buồn buồn hết mấy ngày
307,"Diễm wrote: ""Mình cũng ghét nó :)) nhưng đây đúng là 1 trong số ít tác phẩm đọc xong mình cứ vẫn cảm thấy buồn buồn hết mấy ngày""Lúc đầu thì mình cũng buồn cho nhân vật thật nhưng đến khi xuất hiện Trà Long thì mới chuyển từ buồn sang ghét. Kiểu chẳng có lí do gì mà phải tiếp tục như thế ý :))"
307,"Nhân ngày thông báo casting ""MB"" mình mới quyết đọc cuốn này và mình ghét Ngạn :) Cảm thấy mệt mỏi khi mà chạy theo cảm xúc của Ngạn thiệt sự :v"
307,Mình cũng ghét Ngạn
307,Mình cũng ghét. Kiểu lụy tình đến phát khổ.
307,Thấy Ngạn kiểu quá yếu đuối. Tự hứa sẽ không đọc lại một lần nào nữa
307,trời ơi thật sự chuẩn.
308,"Hi bạn, mình có thể copy 1 phần comment của bạn cho Mắt Biếc để post trên trang FB của mình ko ạ? Vì mình thấy comment của bạn rất hay luôn."
308,"Linh wrote: ""Hi bạn, mình có thể copy 1 phần comment của bạn cho Mắt Biếc để post trên trang FB của mình ko ạ? Vì mình thấy comment của bạn rất hay luôn.""Uk bạn cứ thoải mái bạn ạ. Không có vấn đề gì hết đâu. Nếu bạn có thể ghi tên của mình nữa thì mình cũng sẽ rất vui. Nhưng nếu không thì cũng không sao hết đâu ^^"
309,"Review có tâm nhất quả đất! Đọc tới đâu cũng cảm thấy thoã mãn, đồng cảm tới đó! Mình ghét Ngạn và sẽ không đi xem phim =))))"
309,Cũng thấy vậy
309,review hay quá nè
309,"review hay quá anh ơi :), em cũng không thích bạn diễn viên đóng Trà Long, mai em mới đi xem được cơ :3"
309,buỳê
309,chê banh xzác huh ? coment. nhü lol
310,"People love it because it's realistic. A good novel doesn't always have to have perfect characters. If you want perfect and likeable characters that much, you should read ""The Notebook"". Yes, Ngạn sounds like a loser, Hà Lan must be a utilitarian girl, Dũng is an f-boy. But that's why this story could have touched so many people- because it's realistic and it's relatable. We don't need to be gods to love, to hate, to have meaningful memories and bitter experiences. Ngạn, as I said- is just a below-average guy, but his loyal with Ha Lan is a symbol for a type of love that so many people on earth have experienced: the innocent, no self-interest emotions toward your crush, your first love. Sometimes this type of love is harmful to both of the parties, but it's love regardless and that's why Ngạn's emotions toward Hà Lan in this novel should be seen with empathy even they are not sensible at all. Hà Lan can be observed as a typical beautiful girl who changes her environment from rural to urban. Her life can turn in two directions - either to become independent and to be happy, or it can also be very painful. Nguyễn Nhật Ánh made her make a choice and we should not criticise it, but to learn from her decision's consequences. Furthermore- About Dũng, I don't think he's that bad. Yeah, he's pretty bad, but in this novel, he represents the guys who are young and have nothing to worry about life and/or financial problems. Guys like that can be carefree, heartless or to be seen by some people as cruel but it's a fact of life and there is little thing we can do about it other than protecting and improving ourselves. And lastly, Trà Long- a cute girl with all the good traits, but turns out to be just a copy or someone else's replacement. It's bitter and it's hard to accept, but again it's realistic. Trust me, if you dive deep enough into love, someday you may find yourself- or your partner just to be a replacement for a ghost of the past. But I hope that you all won't have to live a whole life in that role, and that's what Nguyễn Nhật Ánh are trying to say with us, by using Ngạn and Trà Long. So, did you see? ""Mắt biếc"" is not a perfect love story, not even a good story. But it's a great novel about the love and the life of young Vietnamese people in the 60s (or 70s). The emotions in the novel are real, and I think that not only you and me, or people nowaday but also people in the future can feel related to it. Because it's love, and love is eternal."
311,"haizzz, yêu cái lá khoai. Mình muốn xé mấy trang cuối cùng bỏ đi."
316,"chuẩn luôn. đây là một trong những câu chuyện buồn nhất của bác Nguyễn Nhật Ánh. Những câu chuyện khác thì kết chỉ cảm thấy nuối tiếc một chút vì nó không phải là một cái kết happy ending, còn ""mắt biếc"" thì đọc xong buồn một cách kinh khủng không muốn đọc lại nó nữa luôn."
316,Ngồi đọc mà thấy nước mắt rớt lúc nào không hay. Cứ từ từ chậm chậm mà buồn quá thể.
318,Dù sao thì cái kết tưởng chừng như chưa trọn vẹn ấy lại là một cái kết trọn vẹn- Một tác phẩm tuyệt vời.
328,i'm laughing at this
344,ng iu tui qua la ghe
344,Hmm. Có mặt nhiều chỗ nhờ
344,"tui phai tham do` quan ly cuc cưng của tui chứ, ai lấy mất tui chiu sao noi"
347,"hay, vỗ tay :)))"
366,Có phim chưa
366,Chưa Hiếu ơi. Tháng 12 lận
366,"Tiếc nhỉ, cũng muốn xem"
369,ông ý viết theo trải nghiệm của ông ý thì phải. mà mấy ông trai quê hay như thế lắm chị ơi
373,"Một câu chuyện buồn, nhẹ nhàng và không biết nói sao nữa. Như lối văn của chú Ánh, nó hợp với cái tuổi hay mơ mộng của mình. Nhưng thật sự câu chuyện này liệu có ngoài đời, liệu có người chịu hy sinh vì mình như nhận vật nam chính- Ngạn thì phải ( đọc lâu quá nên quên rồi). Cô bé với đôi mắt đẹp như biển xanh vô tư rồi đến khi nhuộm màu vẫn đục- Hà Lan. Nên đôi khi sự hào nhoáng của kim sa hột lựu, nếu không biết chừng mực và có khả năng kiểm định đồ thật hay giả thì đau thương là về mình. Đừng quá ham mê phù phiếm nha Trang, cái thật từ tâm mới đáng quí và bền bỉ nhất. Như Ngạn đấy!4/4/2019"
377,"Khá rứa, tau đọc truyện hầu như ko khóc trừ quyển ni :))."
377,"@QuyAn chắc hồi nớ nhỏ chưa cảm nhận đc :"")"
379,Đồng quan điểm.
382,fuck
390,may tu ki ha dung la bu shit ha ha ha ko lien quan den mat biec ok
462,"Lúc mới đọc mấy trang đầu của quyển sách thì cảm thấy vô vị vì tác giả chỉ kể về cuộc sống của Nhàn ở làng Đo Đo. Nhưng càng đọc càng thấm. Tác giả khắc hoạ đúng được tình cảnh của con người làng quê sau khi lên thành phố. Choáng ngợp bởi vẻ hào nhoáng của đô thị mà bỏ quên đi những kí ức đẹp đẽ nơi vùng quê, nơi mà tâm hồn ta được nuôi dưỡng lúc nhỏ. Hà Lan là nhân vật đại diện cho điều đó. Nhạn thì quá si tình, luôn giữ mãi hình ảnh của làng quê và mong muốn Hà Lan cũng như mình. Chỉ tội cho Trà Long. Yêu Nhạn bằng cả tuổi trẻ nhưng rồi lại không được hồi đáp. Chính Nhạn đã gây nên nỗi đau ấy cho Trà Long, giống như nỗi đau mà Hà Lan đã gây nên khi xưa. Tác giả khắc hoạ tính cách nhân vật rất rõ nét, tả cảnh thiên nhiên cũng như tâm trạng rất có hồn. Chỉ không thích cách tác giả xây dựng nhân vật Nhạn quá lụy tình, và cả mối quan hệ chớm nở giữa Nhạn và Trà Long."
488,"Giọng văn Nguyễn Nhật Ánh nhẹ nhàng trong sáng, lối kể chuyện giản dị, khiến người đọc dễ có những hồi tưởng về quá khứ, đặc biệt là kỷ niệm thuở thiếu thời. Không quá thích truyện Mắt biếc vì kết thúc không có hậu, nhân vật Ngạn bỏ đi một cách vô trách nhiệm, để lại nỗi đau khó nhoà cho Trà Long. Tuy nhiên, đây là nét đặc trưng của nhà văn khi xây dựng các nhân vật sống tràn đầy cảm tính, mang lại nét chân thật, rất ""người"", không đạo đức một cách sáo rỗng. Truyện không dành cho trẻ con."
557,đọc xong chỉ thấy tức thôi !!!
557,Sao bạn lại tức =)) tức cho ai =)) cuộc sống vốn dùng dằng nhì nhằng chùng chình vậy mà
557,sống được mấy năm mà bày đặt bảo cuộc sống vốn nhùng nhằng :)
557,Chẳng được mấy nhiêu năm nhưng mình đã biết nó như vậy đó
557,nghe xong nhạc phim lại tức thêm
557,"Kệ cậu:smiling_face_selector: không đọc NNA 2-3 năm nữa, chắc cmnl, nhưng cuối năm vẫn đi xem MB =))"
557,"Cường wrote: ""Kệ cậu:smiling_face_selector: không đọc NNA 2-3 năm nữa, chắc cmnl, nhưng cuối năm vẫn đi xem MB =))"" aloalo đến bây giờ mình vẫn chưa xem phim Mắt biếc bạn nhéee"
557,Kệ bạn thôi =))) mình tiếc cho bạn vì đã bỏ lỡ một tuyệt phẩm và một vé về làng Đo Đo đấy
557,mình nói để cho bạn biết là bạn đã sai ở binh luận ngày hai mươi tháng tám thôi
557,tớ nói tớ mà =))
593,":v ghê, nghe như chuyên gia nha"
593,"Quỳnh wrote: "":v ghê, nghe như chuyên gia nha""hey dude, long time no see. Desperately need a ""đú""-day"
593,"Yến wrote: ""Quỳnh wrote: "":v ghê, nghe như chuyên gia nha""hey dude, long time no see. Desperately need a ""đú""-day""I can see how desperate you are by giving me such a sentence on a reading network =))) The wait is worth it :)) so wait for me lol"
601,Làm sao có thể đọc được vậy??? Tui ko đọc đc
601,"Carol wrote: ""Làm sao có thể đọc được vậy??? Tui ko đọc đc""Mình đọc sách giấy bạn à :)))"
601,"Chuyện của Bác Ánh, các tình tiết lẫn suy nghĩ của nhân vật như được làm quá hơn mấy lần í. Chắc Huyền ko hợp rồi. Đây thì vì dễ thương và đáng yêu nên có thể bỏ qua được hahaaa"
601,"Lala wrote: ""Chuyện của Bác Ánh, các tình tiết lẫn suy nghĩ của nhân vật như được làm quá hơn mấy lần í. Chắc Huyền ko hợp rồi. Đây thì vì dễ thương và đáng yêu nên có thể bỏ qua được hahaaa""Ừ, chắc vậy. Chắc tại mình hơi nghiêm túc. :))"
601,"A thấy truyện của bác Ánh đọc tầm cấp 2, đầu cấp 3 là hạp nhất. Sau cái tuổi ấy là gần như biết rằng bác viết thì vẫn hay đấy, nhưng đọc thì không còn vào nổi nữa =)))"
601,"Hung wrote: ""A thấy truyện của bác Ánh đọc tầm cấp 2, đầu cấp 3 là hạp nhất. Sau cái tuổi ấy là gần như biết rằng bác viết thì vẫn hay đấy, nhưng đọc thì không còn vào nổi nữa =)))""Vâng ạ. ^^"
601,"Cá nhân mình thì thấy truyện của bác Ánh khi viết về tuổi mới lớn sẽ hay hơn truyện dành cho thiếu nhi, điển hình là còn chút gì để nhớ, đi qua hoa cúc, trại hoa vàng..."
601,"Cu wrote: ""Cá nhân mình thì thấy truyện của bác Ánh khi viết về tuổi mới lớn sẽ hay hơn truyện dành cho thiếu nhi, điển hình là còn chút gì để nhớ, đi qua hoa cúc, trại hoa vàng...""Mình sẽ thử tìm đọc tiếp xem sao. ^^"
601,tui ko dc doc dc
601,"Dang Quoc Hung wrote: ""tui ko dc doc dc""Mình đọc sách giấy bạn ơi, Goodreads chỉ là trang để review sách thôi bạn ạ."
601,Truyen dai thiet
601,"Dao Nguyen Nhan wrote: ""Truyen dai thiet""Thực ra nếu xét về độ dài thì theo mình truyện này cũng ngắn thôi, nhưng chắc vì không thích nên mình cảm thấy nó dài lê thê. ^^"
601,lam the nao ma doc duoc vay ??????
601,"Luu Do Tuan wrote: ""lam the nao ma doc duoc vay ??????""Mình đọc sách giấy ạ."
601,"Đây là cuốn đầu tiên mình đọc của bác NNA. 2/3 cuốn sách mình cảm thấy rất thích thú, nhiều đoạn hài hước, vui vẻ. Nhưng đến đoạn cu Tường bị đánh và đoạn công chúa là thấy nản nản, ko còn sức hấp dẫn, kiểu như bác Ánh đang gom góp lại để đi tới phần kết bài vậy. Nói chung mình chấm 3 sao"
601,doc sao vây?
602,"Em đọc quyển này hồi nó mới ra nè, sao em nhớ ai hồi đó cũng khen hay hết á :v gần đây mới chê thôi. Em thấy trong các tác phẩm sau này của NNA em đã đọc thì quyển này hay nhất.Mà công nhận khúc cuối giống phim đài loan vãi chưởng :))) quyển này với quyển sau là Ngồi khóc trên cây, NNA giống như bị xem nhiều phim đài loan quá."
602,ôi true e ơi đọc đoạn kết chị kiểu.... wth :))) là một ẩn ý quá cao siêu của bác mà chị k hiểu đc hay nó bị drama một cách quá đà ??
602,"Mình đọc cuốn này vì mình xem trên youtube của Hà, đây là cuốn đầu tiên mình đọc của bác NNA ( mình đã mua top 4 cuốn Hà recommend). Mình đọc say sưa quên cả thời gian, nhiều đoạn thích thú, hài hước, phê phê rợn da gà... nhưng tới đoạn công chua thấy oải quá, ko còn sức hấp dẫn, cứ như bác Ánh đang gom góp một cách miễn cưỡng để đi đến cái kết vậy. Ps: mình gia nhập goodread và nghe nhạc lofi theo một video trên youtube của Hà đấy. Bình luận nhiều trên youtube rồi mà ko đc rep bao giờ :crying_face::crying_face::crying_face:"
605,"Rate hẳn 4 sao :D Uh, cũng được :D"
605,4 sao là do xem cả phim nữa.
605,"Sau khi đọc truyện thì mình xem phim thấy hụt hẫng quá, chưa bộc lộ được nét tự nhiên"
605,Ra rạp xem phim cũng vì quá thích tác phẩm :D
607,cảm ơn nhận xét này của bạn
617,Đây là web cho người đọc truyện chứ ko phải để đọc nhá =)))
617,":(( thế ạ, em kb"
617,":(( thế ạ, em kb"
618,Hạnh viết giống những chi tau nghĩ quá.
619,no
619,Pardon me?
674,nhẹ nhàng cho mấy em nhỏ đọc :)
759,"lend me this book, pleaseeeeee!"
772,lam sao đọc được sách vậy bạn ?
772,"Quocuongvl wrote: ""lam sao đọc được sách vậy bạn ?""Bạn đọc trên mạng hoặc mua sách. Goodreads thỉnh thoảng mới có ebook miễn phí, còn lại hầu như là review và giới thiệu sách cho mình thôi!"
775,so meaningful :3
812,cho hoi lam sao de tai a
813,"Mình muốn hỏi một chút, bây giờ đọc lại truyện của chú Nguyễn Nhật Ánh bạn có cảm giác khác khi bé đọc ko? Không hiểu sao giờ mình không có đủ kiên nhẫn đọc hết một cuốn truyện khi đọc lại, dù ngày xưa rất thích."
813,"snow wrote: ""Mình muốn hỏi một chút, bây giờ đọc lại truyện của chú Nguyễn Nhật Ánh bạn có cảm giác khác khi bé đọc ko? Không hiểu sao giờ mình không có đủ kiên nhẫn đọc hết một cuốn truyện khi đọc lại, dù ngày...""Mình cũng giống y như bạn đấy. Cuốn này mình đọc lần đầu hồi cấp 1, cấp 2 cùng với mấy cuốn khác của Nguyễn Nhật Ánh. Lúc đó đọc cảm thấy rất hay nhưng dạo gần đây đọc lại thì thấy nó hơi nhạt, mình thấy điều đó cũng tất nhiên thôi vì mình không còn ở lứa tuổi của cuốn sách nhắm đến, chứ mấy em học sinh bây giờ đọc mình nghĩ cũng sẽ thích những cuốn như thế này như mình hồi trước thôi."
813,"Thôi cũng mừng, chắc là do mình đã trưởng thành. Haha. Kinh nghiệm là tuổi nào đọc sách tuổi đó, cơ hội qua, sau có đọc cũng ko còn có đc niềm hạnh phúc vì sách hay nữa."
813,"snow wrote: ""Thôi cũng mừng, chắc là do mình đã trưởng thành. Haha. Kinh nghiệm là tuổi nào đọc sách tuổi đó, cơ hội qua, sau có đọc cũng ko còn có đc niềm hạnh phúc vì sách hay nữa.""Chính xác :). Nhiều người khi nhìn lại những thứ mình từng thích nay không còn hay, còn đẹp như trong hình dung nữa thì lại quay sang chê cười, chế giễu. Nhưng đối với mình thì đó luôn là những kỷ niệm đẹp, quý giá, nhờ có nó mà mình không thấy lãng phí tuổi thơ của mình :)."
813,Cũng nhờ có những thứ đã làm ở quá khứ mà tạo nên con người chúng ta hôm nay :)
814,Phim này đang quay ở quê mình nên cũng mong chờ lắm. Một phần vì là sách của chú Ánh một phần vì được quay ở quê. Hóng lắm ngày ra rạp :)
816,Đồng ý với bạn nha!
819,"Haha kiểu con trai như vậy ko ít đâu, chẳng qua chị em ko phát hiện ra thôi :3 với cả chắc gì chị em hiện nay đã thích động vật quý hiếm :v"
819,"hìhì, review này chỉ là một phút nông nổi của em thôi, chứ thực ra em cũng chưa có nhiều kiến thức sâu rộng về con trai đâu ạ =]"
823,"truyen nay doc hoi lop 10 doc 2 chap dau cung doan 2 con day la mot lol den cuoi cung cha co j ngac nhiendoc ""con chut gi de nho"" di :3"
823,":""> aiyoo, nhận ra sớm thế cơ à. Lúc đầu đọc cứ ngờ ngợ thôi, càng về sau mới càng chắc chắn haha. Cảm ơn đã recommend book nha. Để kiếm đọc liền ;))"
832,Họ cười chán rồi mới đọc ấy mà :))
832,"Giọng cute lắm~ có mấy đoạn chị ý nghỉ một lúc lâu, chắc đang gồng : }"
835,lam the nao de doc quyen nay ha moi nguoi?
912,cún này đọc dui nè
912,"M có sách gì hay, suggest t đọc chung coi :))"
912,https://www.goodreads.com/book/show/3... này đọc được nè m
949,=)) sao vô tình gặp mày ở đây?
963,Có quyển nào của Nguyễn Nhật Ánh mà bạn đọc rồi và được trên 3 sao không bạn ^_^
963,"Đức wrote: ""Có quyển nào của Nguyễn Nhật Ánh mà bạn đọc rồi và được trên 3 sao không bạn ^_^""Vấn đề là mình đọc rất ít Nguyễn Nhật Ánh bạn ơi nó cứ không hợp =)))"
974,bạn ơi cho mình hỏi làm cách nào có thể đọc được truyện vậy.
991,(ban sai chinh ta o doan 4 dong 2). Cảm ơn bạn vì các trích dẫn
993,Mấy review của anh hài dã man
993,"Oh yeah, say oh yeah :v :v"
994,":))) haha quyển 4* thì cho 3*, quyển 3* thì cho 4*."
994,Me mình không cho cô a. :(
994,@pan Luckily you delete your comments
1001,Giờ mới rated là xaooooo?
1001,Thì tại vì hồi chiều mới có sách để mượn đọc :(( Nói láo chết luôn :< Đọc muộn hơn người ta nên tí nữa sẽ viết rv có rễ có cành :3
1001,"Tui cũng thích đoạn cuối :(( Nghe nó xúi tự gọi tên mình thì cũng rú lên, xong rồi yên lặng lắng nghe dư âm đồ :""("
1005,Mình cũng mới đọc cuốn này gần đây. Các cậu ấy vẫn luôn tuyệt vời như thế nhỉ? Nhiều lúc thực sự chỉ muốn sống như một chú cún mà thôi.
1005,"Hiệp wrote: ""Mình cũng mới đọc cuốn này gần đây. Các cậu ấy vẫn luôn tuyệt vời như thế nhỉ? Nhiều lúc thực sự chỉ muốn sống như một chú cún mà thôi."" Có lẽ đây là 1 trong số ít những cuốn mà mình thích của NNA =)))))"
1144,"cuốn tôi là Beeto của Nguyễn Nhật Ánh nói lên tnhf bạn đẹp giữa hai chú chó với nha. Trong cuốn sách này, tác giả đã hóa thân thành một chú chó để kể về tnhf yêu thương giữa gia đình chị Ni với chú chó Beto-tình yêu thương giữa người và động vật và tình bạn giữa động vật với nhau nữa chứ!"
1189,làm sao đọc được sách vậy bạn ?
1189,mua sách ở ngòai nhà sách rồi đọc nhé :)
1189,vậy sách ở đây chỉ có tính chất quảng cáo hình ảnh thui hả bạn ?
1189,"Đây có phải là thư viện đâu. chỉ là trang mạng xh dành cho những ng yêu đọc sách lên review, giới thiệu, khoe những sách đã-đang-sẽ đọc thôi. Goodreads k chia sẻ epub nhé."
1191,"Một quyển sách vô cùng đáng yêu, một tình bạn trong sáng và tươi đẹp giữa mèo và chuột (Lý ra phải là kẻ thù của nhau). Chúng đã cùng giúp đỡ nhau, chia sẻ vui buồn cho nhau....Nhưng phần kết hơi buồn cho bạn mèo. Dù sao , quả thật là một câu chuyện thua vị và trong sáng :)"
1193,"Đôi đang mất cảm giác về truyện cùa Bác Anh, bác tôi ạ."
1193,Tại bác đọc nhiều quá à?
1193,"Hem phải, mà là đọc Mắt Biếc thì thấy hay quá, cực thích luôn, nhưng đọc thêm hai tác phẩm về Chó, là pet tôi thích nhất, mà viết nhạt quá cho 1* thẳng :raised_hand:, mà k còn nhân nhượng :smiling_face_with_sunglasses::smiling_face_with_sunglasses::smiling_face_with_sunglasses: rồi xong thấy thương đọc thêm Tôi là Bê Tô nữa lại khá hơn một xíu cho 3*. Nên chưa dự định đọc quyển nào của bác. Bác có đọc quyển này hấy impress thì recommend cho tôi, bác đúng hiền luôn, cho 5* quá trời, hem biết quyển nào là favorite of bác luôn @@@"
1193,Ê dễ đọc là 5* rồi nhé =)))
1193,Quyển nào là favourite hem nói =)))
1193,"Ờ Bác xinh gái hơn rồi đó, bớt xinh hen."
1193,"Nhưng nói thật tôy thấy quyển này hay mà dễ đọc đó, có những phản ánh về sự thật con người =))) giờ thì tôi hiểu có những cuốn sách là sữa cho trẻ em và là thịt cho người lớn :v"
1193,"Ờ tôi hope so như lài bác nói, iêm í đã đc vào booklist. Chờ feedback nha bác."
1193,"Bác đừng mong chờ quá, vì có khi những điều chúng ta thấy khác nhau vì góc độ của chúng ta khác nhau =))))"
1193,Ok bác tôiiiiiiiiiii
1200,"Tình yêu là gì?là có hai con mèo bên cửa sổmột con ngồi yên, một con đổi chỗ."
1254,400 từ đâu :)))
1281,"haha đọc review của chị xong em lại nghĩ đến cuốn ""chuyện con mèo và con chuột bạn thân của nó"""
1281,"Khôi wrote: ""haha đọc review của chị xong em lại nghĩ đến cuốn ""chuyện con mèo và con chuột bạn thân của nó""""thiệt ra chị thấy 2 cuốn này cũng hơi hơi giống nhau, mà nói chung là nếu khai thác tình bạn giữa mèo và chuột thì cũng chỉ có 1 motip kiểu như: gặp nhau -> chuột sợ mèo -> thăm dò nhau -> thích nhau -> làm bạn -> cực thích nhau, cực thân -> share cuộc sống cùng nhau -> hết :Dđược cái cuốn này có thêm tình yêu ""mèo bông"" đơn phương nữa :P"
1295,tại sao vậy?
1306,"chuẩn, 1 vote cho Kim Dung"
1308,Em đọc tiếp Mắc biếc và Hạ đỏ luôn nhé ^^
1308,chắc em sẽ đọc Hạ đỏ trc vì quyển đấy ngắn =)) thanks anh đã rec ạ :’D
1309,doc sao chi
1310,"@@ Tớ cũng k phải fan j của Bác đâu, kiểu tớ cũng khó tếnh ấy c, nên sách of Bác hem phải quyển nào cũng hay ấy.Haha yêu rồi, chờ trc ghét SG lắm, còn làm thơ để thể hiện cái ghét đó mà, nhưng ở riết xa lạ thành thân thương đó cậu. Vs hôm tớ đọc Chuyện nhỏ Sài Gòn by Đàm Hà Phú ấy, nên thương lại càng thương :)))Tớ rất Highly Highly recommend Mắt Biếc và quyển này nhaaaaaaaa.Nếu cậu có dự định đọc ^^"
1310,"Chời chời đọc đi câu ơi, hayyyyyyyy lắm lắm luôn ấy, thuộc top favorite of tớ, à tớ mới học theo cậu chèn thêm link đó, cậu nghe thử bài hát cùng tên đi :))) tớ thấy thích khi trong audio book có chèn bài hát đó :)))"
1310,"Trời ơi, cậu đến đây làm j vâyyyyy??? Yêu lắm Mắt Biếc mà bh mới biết có bài hát diễn tả nỗi buồn đó...Thanks cậu rất nhiều, tớ rất thích sẽ edit review Mắt Biếc để thêm link này kkk"
1311,"Mình thì không nghĩ vậy,giải phóng ta tạm xem nó là một biến cố của cuộc đời điChỉ có lúc hoạn nạn thì con người mới thể hiện ra bản chất thôiNếu sau này nam chính bị hoạn nạn thì nhân vật nữ cũng đối xử vậy thôi"
1312,doc truyen saon
1315,haha bác ấy toàn nhắm trai hiếm mà hành :v
1315,Đau khổ là để trưởng thành hơn thôi. Hãy đi tìm tình yêu đích thực đee
1332,Truyện nào của Nguyễn Nhật Ánh cũng hay :))))
1452,"mình đọc mà thấy nhớ Mắt biếc, có chút gì đó giống giống"
1452,"Ha wrote: ""...""Đọc xong bạn sẽ thấy có chút giống cũng có chút khác."
1452,hay ghe lun
1457,đồng ý với bạn khoản triết lý quá nhiều ahuhu đọc thấy nếu lược bỏ chắc chỉ còn 1/3 quyển là cốt truyện.
1457,"Phuong wrote: ""đồng ý với bạn khoản triết lý quá nhiều ahuhu đọc thấy nếu lược bỏ chắc chỉ còn 1/3 quyển là cốt truyện.""Ôi sao dạo trước mình review gắt thế nhỉ. Giờ mình chỉ dám chê mé mé thôi chứ hổng dám chê lộ liễu vầy đâu =))"
1469,"Mình thì vẫn luôn ủng hộ kết truyện này của bác. Không phải là sau rất nhiều mệt mỏi, chỉ mong tìm đến một cuốn sách của bác Ánh để thấy cuộc sống nhẹ nhàng và tràn đầy lạc quan sao?"
1469,Minh cũng rất thích kết thúc nhẹ nhàng và tràn đầy lạc quan này. Sao lại dẹp tan mọi thiện cảm về hình ảnh cậu nhóc nhỉ?
1474,cái kết hp mỹ mãn :')
1644,Écccc! Chừng sau nhắn dấu nha bạn đọc mờ mắt mất thoy :3
1656,dễ thương lắm hở. ko nhớ cốt truyện mắt biếc mà hnhu hơi buồn thì phải
1664,"đúng rồi đó bạn, sách nhìn rõ dày luôn mà đọc tí xíu là xong. MÌnh thấy cuốn Những chàng trai xấu tính là in tiết kiệm nhất :3"
1665,"Sách của Nguyễn Nhật Ánh đắt lắm, đấy là điều duy nhất tớ biết :))"
1665,Tôi nghĩ không phải giả tạo. Mà ông giữ giọng văn trong trẻo như tâm hồn của trẻ con ngày ấy.
1665,2020 và đọc được 1 cái bình luận đúng ý mình :33
1666,"Bạn nè, có thể giải thích giúp mình 1 chút được không. Vậy là cuối cùng cô bé Rùa vẫn còn sống đúng không?"
1666,"dù đấy là kết thúc mở nhưng theo cách viết của bác Ánh trong rất nhiều quyển sách, cũng như ở đoạn cuối thì mọi chi tiết nêu ra lí do cũng được viết rất chi tiết nữa, nên mình tin là Rùa vẫn còn sống :D"
1667,"Ko ưa ổng nhưng thấy cậu cuốn nào mới của tác giả ra lại đọc, đọc rồi chê (như cuốn Hai con mèo chẳng hạn). Nhìn thấy nhiều hành động giống vậy ở nhiều người nhưng ko tỏ động cơ lắm :|"
1667,"Không, tớ fan NNA từ nhỏ. Tuổi thơ tớ phần nào gắn với truyện NNA mà. Có điều là những sách gần đây nó không hay hoặc nó đi vào lối mòn quá thôi."
1674,Đọc nhanh quá anh ơi :((((((
1674,Không có gì là muộn hết chàng trai 26 tuổi ạ
1675,Hahaha. Cau dang o VN a?
1675,"Huyen Le wrote: ""Hahaha. Cau dang o VN a?""Không, tớ đọc chùa trên mạng thôi=)), chứ vẫn đang ở Mỹ:D"
1676,"Truyện đẹp quá, kết có hậu như là cổ tích vậy"
1676,"kết cũng khá mở ấy, có thể tin là Rùa còn sống thật, nhưng cũng có thể đấy chỉ là ảo ảnh mà thôi :)"
1785,kk
1786,hhrzvvcv lpost ssswwwizsseeww wmm wswwsaawzww
1844,Ta có quyển này cũng chưa đọc nhưng có vẻ những quyển ra đời sau này chỉ được PR rầm rộ chứ không được lòng độc giả lắm về nội dung nhỉ
1844,Chuẩn rồi bạn ơi. :))
1849,"Tuổi thơ thật là tươi đẹp m nhỉ ♡ Giá như có 1 lần được trở về, mình sẽ hạnh phúc biết bao :red_heart:"
1849,Chắc chúng ta lại phải đọc Cho tôi xin 1 vé đi tuổi thơ của bác NNA rùi m ơi =)))))
1854,:(
1916,Ủa hồi xưa có đứa nói với tao là sách bác Ánh hông phải gu mà
1916,Vậy bồ thấy văn bác Ánh như nào ? =)))
1916,"Ui, sry bạn nha. Hôm trước mình mắt nhắm mắt mở nên tưởng cái rì viu này là của bạn mình ;;;;;;"
1916,Nên mới cmt xưng hô mày tao như thế. Sry bạn nhiềuuuu
1916,Lần cuối mình đọc sách bác Ánh là năm lớp 9. Mình thích cuốn Quán Gò Đi Lên vì cuốn đấy hài vãi luôn =)))))) Sau mình có đọc qua mấy cuốn nhưng không để lại ấn tượng mấy. Kiểu như giờ cứ nhắc đến sách của NNA là mình lại nhớ tới QGĐL thôi ấy. Btw sry bạn nhiều nha bạn ơi T_T
1916,"Ừ cậu, t cũng hơi ngạc nhiên xíu nhưng t không bận tâm lắm đâu :)) thôi coi như là một dịp nói chuyện luôn :)) nghe c kể làm t cũng muốn cho QGĐL một cơ hội."
1954,"Đo Đo quán, quận 1"
1954,Quán này của bác NNA luôn :))
1954,"Kiet wrote: ""Đo Đo quán, quận 1""quận 1 có cái quán đó thật á anh :(((((((((((((( huhu"
1955,"ê chị cũng thích truyện này, nhớ quài tụi nó gọi cái bao là cái bô : ))"
1955,em năm 14 tuổi đã điều tra sao đó mà tới tận quán ăn xong đòi bỏ vô cái bô mang zìa nữa đó chài ai đúng là tủi chẻ rồ dại
1955,"==)))))))))))))))))))))))))))cái quán có cái bô nó nằm gần cty chị, năm nào cũng đc đi ăn sn xíp hâhaa nhưng bi h thì đã ko còn háo hức zì cái bô : ))Q thặc cute :))"
1955,chết mồ chưa có khi nào giữa dòng đời tấp nập ta vô tình ngồi ăn mì quảng trước mặt nhau mà hông hay....
1995,"À mà sách bác Ánh là cái kiểu chẳng có gì kịch tính giật thót tim gan phèo phổi mà mình hễ cứ đọc là bị cuốn phăng đi, cứ lật mải miết hết trang này tới trang khác. Vì sao? Vì saoooo?"
1995,"Đọc mà buồn nẫu cả ruột. Đọc cuốn này vừa hiểu nhưng cũng buồn, thương, giận Ngà các kiểu :(. Cũng thương Trường lắm. Chỉ là yêu đơn phương thôi mà, có nhất thiết phải trải qua cái kết cục bi đát như vậy ở cái tuổi mới lớn thế không -_-"
1995,"Pham wrote: ""...""Giận Ngà dễ dãi quá chị ơi, tội thằng cu Trường quá chời :(( Em vừa thích Trường vừa ủng hộ mấy trò ranh mãnh của 3 thằng cu í. Tình đầu trong sáng đau đớn ghia. Giá Trường để được Ngà lại phía sau mà bước tiếp thì tốt biết mấy vì dù tội Ngà nhưng hình như Ngà cũng chọn để lại quá khứ sau lưng rồi.Cuốn này em thấy đỡ buồn hơn Mắt biếc được chút chút."
1995,"Ừ, Ngà thì để mọi thứ lại phía sau rồi. Còn chuyện dễ dãi, chị nói hiểu thì bởi tâm lý con gái mới lớn, lại gặp đúng loại đàn ông vậy thì chống sao được :(Thương Trường mà. Nó trong sáng, biết đâu lại dính phải cái sự đau lòng bất thình lình như vậy :3"
1995,chi.cach doc vs
2001,Dạo này đọc tích cực ghê :)))
2001,"Quang wrote: ""Dạo này đọc tích cực ghê :)))""Tranh thủ anh ạ, em sắp phải ôn thi Đại Học rồi :(((("
2001,"Long wrote: ""Quang wrote: ""Dạo này đọc tích cực ghê :)))""Fun fact là vẫnn chưa xong Harry Potter :>"
2001,Ừ. Cố lên nha :beaming_face_with_smiling_eyes: Lo ôn đi. Thi xong tha hồ đọc. Còn 2 3 tuần.
2001,"Quang wrote: ""Ừ. Cố lên nha :beaming_face_with_smiling_eyes: Lo ôn đi. Thi xong tha hồ đọc. Còn 2 3 tuần.""Năm sau em mới thi mà :v"
2001,:v vậy mà kêu em ôn thi ĐH :v
2001,Ôn thi cho năm sau mới kịp anh ạ :v Chứ đợi đến giờ mới ôn thì đầu quân cho Tú Bà rồi anh :v
2002,Thương cô gái ấy. Bây giờ thế giới phẳng rồi. Nhưng vẫn còn một số còn giữ văn hóa cũ. Con gái phải thế này thế kia :grinning_face_with_big_eyes::grinning_face_with_big_eyes::grinning_face_with_big_eyes:
2004,chi cach doc vs
2049,Đây là cuốn thứ 3 mà mình đọc của bác Ánh. So với mắt biếc thì cuốn này thua xa. Miêu tả tâm trạng nv chưa đủ sâu để mình thấy hết sự khắc khổ của nv chính.Cái kết khá đột ngột mang lại sự cụt lủn hơn là bất ngờ.
2165,chi canh doc vs
2166,chi cach doc vs
2166,"nguyen quang minh wrote: ""chi cach doc vs""Là sao hả bạn? Mình chưa hiểu ý bạn...- Nếu là đọc ở đâu, thì mình mua sách giấy trên tiki nè- Nếu làm sao để đọc được văn phong của bác NNA, thì cứ tự mặc định bản thân mình là người thích thế giới đơn thuần của trẻ con, đọc để thấy vui, thấy tuổi thơ mình trong đó thôi là được á bạn:)))"
2167,Thế nhưng rate 3* ?
2167,Vì nó không có gì mới mẻ nên mình chỉ rate 3* đó :)) 7/10 thôi :))
2329,"Bạn có thể đọc thêm ""Tôi là Bêto"" nhé, cũng hay lắm"
2329,Huyen Pham :))
2435,Đầu năm đọc ghê quá.
2439,"Em thích cuốn này vì sự hài hước và đơn giản của nó, em thích những câu chuyện như vầy của bác, đừng có yêu đương drama nữa em mệt mỏi quá :)) bác cứ viết hài hài thế này là dc rCòn truyện cho người lớn thì em thích nhất Còn chút gì để nhớ vì nó lấy bối cảnh Sài Gòn trong 1 giai đoạn lịch sử còn ngổn ngang và cách mà chính trị đã xen ngang vào tư duy, tình cảm của đôi bạn trẻ cũng dc thể hiện rất tinh tế. Em đặc biệt thích bối cảnh Sài Gòn mang phong vị hơi xưa xưa cũ cũ như v, ko nhiều truyện bác Ánh nói về Sài Gòn, toàn là ở quê bác miền Trung chủ yếu, chắc tại em yêu Sài Gòn quá nên em mới thích quyển này như v :>"
2469,"tôi không nghï vây, vì bác Ánh viêt dê làm cho dôc giå doc môt cách thoai mái. Bác ây viêt thuc su không nhàm chán!"
2469,"lousi-.- wrote: ""tôi không nghï vây, vì bác Ánh viêt dê làm cho dôc giå doc môt cách thoai mái. Bác ây viêt thuc su không nhàm chán!"" Mình không hề bảo Nguyễn Nhật Ánh viết nhàm chán bạn nhé. Mình bảo nó ""nhàn nhạt"", nghĩa là không có gì thực sự đặc sắc, nổi bật hay cao trào và đây hoàn toàn trong quan điểm của mình. Mình biết là bác Ánh viết truyện cho trẻ con nên văn phong rất vui vẻ, tự nhiên, nhưng phù hợp với người này đâu nhất thiết phải phù hợp với người kia :D"
2469,:( bye!
2475,bermuda chị oi
2481,"tôi thì lai không nghi vây, bác Ánh viêt có tâm hôn nên tôi thây nó rât tuyêt voi! câu không biêt gì cå!:((("
2481,"toi cung thay vay, truyen bac Anh rat hay va cam suc. Toi rat bat ngo khi doc mot quyen sach cam dong den nhu vay, dau phai tu nhien sach hay thanh sach binh thuong dau...-.-"
2522,Có gì đọc thêm “Bàn có năm chỗ ngồi” nhe bà
2522,Okela
2530,Bạn còn giữ cuốn này không? :)
2530,Mình còn. Bạn ở đâu?
2562,Mấy quyển gần đây của NNA em thấy cứ nhạt nhạt sao ấy :p. Hấp dẫn đoạn đầu thôi:D
2562,"Chị ít đọc của NNA, đọc toàn những quyển gần đây thôi như ""Cho tôi xin một vé đi tuổi thơ"" và ""Tôi là Bêtô"". Chị thích 2 quyển đó hơn :D Hay là do mình già rồi nên kén chọn nhỉ :"">"
2576,"Đúng luôn hồi đó cấp I mình toàn đọc truyện của bác Ánh, sau này bác thay đổi phong cách viết quá nên mình cũng ít theo dõi lại..."
2576,sau này t đọc văn chương nhiều nên ko hạp bác nữa :3 hic :3 tớ dân Bắc nên sách bác cũng ít lắm hic
2589,"Một cuốn truyện mỏng chỉ tốn hơn 1 giờ để đọc xong nhưng mà nó làm người ta buồn man mác. Kì nghỉ hè đáng nhớ của Chương mang theo những kỉ niệm về những người bạn mới. Cách bày tỏ tình cảm của các nhân vật đáng yêu và trong sáng đến lạ kì. Thích nhau mến nhau thì gửi cho nhau vài trái xoài, trái ổi, dạy nhau học bài,.... Nhiều lúc mình cũng ước được sinh ra sớm 1 chút, để được trải nghiệm tình yêu kiểu ngây ngô ở thời chưa có điện thoại và Internet ấy thì hẳn là thú vị lắm.Và điều quan trọng mà mình nghĩ tác giả muốn nhắn gửi là khi bạn yêu một ai đó, hãy tìm cơ hội hợp lí để bộc lộ tình cảm của mình. Vì người ấy đâu phải lúc nào cũng đủ thông minh và tinh tế để nhận ra tình cảm của bạn. Chương mến Út Thêm, ngày ngày chạy tới dạy học cho 2 chị em. Còn cô bé Thơm vô cùng quý mến Chương nên suốt ngày rủ chàng ngốc này qua chơi rồi hái hoa quả cho. Cuối cùng mọi thứ chỉ dừng lại ở những lời nói bóng gió, những hành động yêu thương mà đến lúc chia tay rồi người kia không hề nhận ra, để lại mùa hạ trôi đi với biết bao tiếc nuối."
2650,Đọc nhanh ghê bạn ơi :v
2650,"Lê wrote: ""Đọc nhanh ghê bạn ơi :v""Mấy nay đang rảnh mà bạn :v"
2812,hay
2812,good!
2818,Giờ còn thấy xấu xa không vậy :)))
2854,Phải công nhận là sự thiếu tinh tế trong lòng tốt của Thủy tiên cảm giác rất chân thực ấy :)
2857,Em thấy đọc sách của bác Ánh lúc nào cũng hay hết ạ ^^ thi thoảng lấy ra đọc lại vẫn thấy rất hài hước
2872,"Chuẩn, chị không ghét đâu nhưng cảm giác sách bác Ánh cứ bị một màu ý"
2890,Cho mình hỏi là truyện này đc viết vào năm 1991 à
2890,Đúng đó bạn (y).
2895,Khuya r đi ngủ đi cháu ơi mẹ vào gank bây h =))))))))))
2895,@jemjeno má =))
2897,khi bạn không đặt mình vào hoành cảnh nhân vật thì làm sao bạn hiểu được
2897,"sao lai che do? dang li ra cau phai nghi rang bac Anh mat bao cong suc de viet ra no, chi co nhung nguoi doc ma khong thau hieu tinh cam cua bac ay danh cho doc gia moi xung dang la nhung nguoi khong co tu cach doc truyen cua bac Anh"
2897,"toi dong y voi y kien cua 2 ban tren, quan trong la ban biet cam nhan duoc cam xuc trong noi dung cua quyen sach chu khong the che do nhu vay!!-.-"
2898,Mình cũng đồng cảm với bạn
2908,"Q bị đin hả, update tùm lum làm tao đi like tè le như fan cùn : ))cún NNA đầu tiên mà chị đọc là Trại hoa vàng, hồi đó nhà chị có cái cát xét, nó đọc truyện mỗi tối, cute quá nên ba chị đã dắt đi nhà sách mua nguyên cuốn về đọc, hòi đó là năm 98, 99 nên chắc chị mới có 8,9 tủi, bây giờ đã quên gần hết truyện nhưng cứ nhớ hoài em gái tóc ngắn trên bìa sách, thiệt là ắn tượng khó fai haha"
2908,"à chị gái mới đúng chứ ha, chị gái đầu đời tóc ngắn xinh đẹp và cuốn chiện hình như kết thúc hơi bùn nên bi giờ nhớ lại bỗng thí bùn bùn hahaha"
2929,Ui dòi oi đi qua hoa cúc vs hoa hồng xứ khác vs mắt biếc đọc xong nc mắt tự nhiên tuôn trào :3
2929,"Bảo wrote: ""Ui dòi oi đi qua hoa cúc vs hoa hồng xứ khác vs mắt biếc đọc xong nc mắt tự nhiên tuôn trào :3""Qua cái thời đó lâu rồi mà đọc vẫn cảm xúc quá."
2931,Éc sách kết buồn quá
2942,vo duyen the ban?
2947,LOL
2947,Review xuất sắc và hàm ẩn quá ạ :face_with_tears_of_joy:
2952,huhu tao ko đi học trường mọi khi nhưng trong lòng tao thằng bắp rang là bạn tao đó!!!
2986,Dạo này thích đọc tác phẩm Việt Nam thế =))))))
2986,"Đọc 1 phát 5 quyển NNA, 4 quyển Nhật =))))))"
2997,"Em biết ngay mà, dạo này bác Ánh càng viết càng xuống, thị trường lắm rồi. May em không mua, ko ham hố!"
2998,Haha review đáng yêu quá :xxx
2999,":) đồng cảm nhận, cảm giác cuốn này ko ấn tượng một chút nào cả"
3000,"Thật vui khi thấy em thích truyện Nguyễn Nhật Ánh, enjoy tuổi hồn nhiên nhé :winking_face:"
3000,"snow wrote: ""Thật vui khi thấy em thích truyện Nguyễn Nhật Ánh, enjoy tuổi hồn nhiên nhé :winking_face:""hic em cảm ơn ạ! :<"
3000,Đọc truyện ông Ánh viết về mấy con vật cute vc ý. :)
3001,Công nhận truyện bác Ánh đọc vèo vèo vèo.
3004,"Me too. Chị cũng từng rate, 1* rồi xóa tiệt."
3004,Thất vọng tràn trề luôn chị ơi. E đang tính kiếm quyển nào đó của NNA để níu kéo lại cảm xúc đây.
3087,Ê tau chưa đọc quyển ni nơi. Mà thấy review ri thì thôi nghỉ phẻ :))
3087,"Cát Tường, wrote: ""Ê tau chưa đọc quyển ni nơi. Mà thấy review ri thì thôi nghỉ phẻ :))""Cảm nhận cá nhân, biết mô mi lại thích :-j"
3087,"Bữa ni tau hết thích đọc truyện bác Ánh òi, còn mấy quyển chưa đọc để sẵn trong tủ mà ko biết khi mô mới xong đây."
3087,"Cát Tường, wrote: ""Bữa ni tau hết thích đọc truyện bác Ánh òi, còn mấy quyển chưa đọc để sẵn trong tủ mà ko biết khi mô mới xong đây.""T đọc mà ko nhớ là đã đọc, kiểu ko 1 tí ấn tượng luôn T_T"
3089,Ai tặng dị??
3092,"sao mình k thể xem nội dung sách được, bạn chỉ giúp mình với."
3123,:(( i don't think so
3175,"Làm bạn với bầu trời là những cảm xúc ngây thơ trong sáng của Tèo dù ở trong hoàn cảnh nào. Điều đó làm cho người đọc cảm thấy yêu đời hơn. Tình cảm của tác giả giành cho Tèo là rất lớn. Từng trang sách là dẫn dắt chúng ta từ bất ngờ này đến bất ngờ khác, làm cho bản thân tôi nhiều lúc nghĩ kết quả về bố của Tèo. Vậy bạn nghĩ bố của Tèo là ai???"
3175,"Mình nghĩ bác Ánh không đánh đố bạn đọc nên hông có suy nghĩ chi nhiều. Chú Vịnh đã nói chú không phải là ba Tèo thì mình cũng tin là thế thiệt.Còn nếu buộc phải loại trừ những điều không thể để tìm ra sự thật thì... cái này mình chịu :grinning_face_with_sweat: ba Tèo vẫn là nhân vật bí ẩn. Cơ mà, dù sao Tèo cũng có một người ba yêu thương Tèo hết mực mà ^^ à, đúng ra là hơn cả con số 1 í chứ."
3185,từ ngày bác viết sách mỗi năm ra đều đều một quyển mình đã thấy sách nó cứ nhạt nhạt
3185,"Bạn Châu còn có kiên nhẫn đọc, từ cái Kính Vạn Hoa là mình đã thấy k thích sách bác Ánh rồi. Nó cứ kiểu gì k hợp với mình ấy."
3185,"Asuka wrote: ""Bạn Châu còn có kiên nhẫn đọc, từ cái Kính Vạn Hoa là mình đã thấy k thích sách bác Ánh rồi. Nó cứ kiểu gì k hợp với mình ấy.""hihi tui bị bịnh ủng hộ tác giả VN dữ lắm bà"
3185,"Ủng hộ rồi mới đọc thử đó. Còn nếu không thì cũng không sờ đến luôn. Nhưng mà vẫn thấy văn phòng rất khiên cưỡng, kiểu như thật sự không có tâm hồn trẻ thơ nhưng vẫn phải bóp mình thành trẻ thơ. Đọc cứ thấy khó chịu lắm! Chắc tại tui tính tình khó khăn ha ha ha"
3242,"""Khi ta yêu cuộc đời này bằng tấm lòng đơn sơ nhất, ta sẽ tìm thấy tình yêu lớn lao hơn gấp nhiều lần."""
3277,ôi bác Đán cute cả một bầu trời luônnn
3286,"Em thấy câu chữ dài dòng quá, phần tả cảnh khá nhiều, dễ đoán, truyện này hơi nhạt nữa. truyện của bác Ánh chỉ hay ở khúc cuối. Truyện này cũng vậy, có khúc cuối như tia sáng cuối đường hầm"
3306,"Đọc hết mấy review của bạn, rất đáng yêu :D"
3306,haha :v ngại quá không biết trả lời sao lun ><Cảm ơn bạn đã dành thời gian đọc review của mình hen!!
3319,"This looks really fun and I love your review... and I have to say I agree that emotion wins, sometimes when they really, really should and sometimes when they should. Is this available in English?"
3334,doc truyen ma cu nhu tro ve tuoi tho vay
3371,What was the book about? Maybe the book is only published in Vietnamese but perhaps you could enlighten your non-Vietnamese-proficient Goodreads friends by at least touching on the content in your reviews.
3371,"Junta wrote: ""What was the book about? Maybe the book is only published in Vietnamese but perhaps you could enlighten your non-Vietnamese-proficient Goodreads friends by at least touching on the content in your ...""Haha...right, will take notice next time. The book is about trending subjects on Vietnamese newspapers in the early 2000s. For example: ebooks, Bruce Lee films, Western calligraphy, Chinese towns, Yahoo 360!, etc. I like how the author addresses these social matters, although I felt like I'd have enjoyed this more if I have lived in Hanoi, at least for some time. The Vietnam that is described in this book is still a foreign country to youngsters like me, in general. This is why I'm trying to know more about it, as you may have noticed.(Sorry if what I was trying to say doesn't make any sense. It's the reason why I desperately need bullet points)."
3371,"No need to apologise, your review and comment paint a good picture of the book and your reading experience :-)"
3371,Is that so? I'm glad then. :)
3371,"Siêu thị thực ra cũng là chợ, nhưng là siêu chợ.It's not a matter. I see a little funny in this sentence. So bored with kinds of person belong to perfectionism. It's ok, dont be angy.Maybe, in somewhere, there are many people like this sent, or still have many people even dont pay attention to this smallest thing.. The book is still wonderful, after all.The critics imagine you write books and receive all things that anyone throwing to you.Bye ~"
3371,"선 wrote: ""Siêu thị thực ra cũng là chợ, nhưng là siêu chợ.It's not a matter. I see a little funny in this sentence. So bored with kinds of person belong to perfectionism. It's ok, dont be angy.Maybe, in s...""You're correct, the book is still wonderful in the nostalgia and humor that it provides. However, to the me that rated this book quite a while ago (and even my current self) it's a pet peeve and therefore would annoy me to a much greater extent that it does to others, making it a not-as-great book to me."
3377,Cá nhân mình thích bộ này hơn Harry Potter.
3393,"Đây là cuốn truyện tập hợp những mẫu chuyện hỗn tạp của Nguyễn Nhật Ánh. Đọc thì mình đọc thôi, vì đây là truyện của chú Ánh, cũng đọc hết nhưng tâm đắc thì cũng không mấy. Vì đây là những cái ngẫu hứng của người từng trải, nó cho ta cảm xúc về một khoảnh khắc nhưng không đậm. Nó bao quát nhiều lĩnh vực, nó cho người trẻ như mình những cái nhìn khác hơn, nhưng cũng không mấy sâu. Nói chung đọc thấy có chút gợn sóng rồi thôi, không mấy đặc sắc. Chủ đề vậy thôi, chứ không đá sâu vô lắm ha chú Ánh. :)4/4/2019"
3416,ban oi cho minh hoi lam sao de doc dc sach tren goodreads
3416,"Trang wrote: ""ban oi cho minh hoi lam sao de doc dc sach tren goodreads""Đây k phỉa là trang đọc sách, đây là trang review, rating sách"
3417,Chị mê bộ này dã mannn!
3417,"Ha-Linh wrote: ""Chị mê bộ này dã mannn!""Đúng vậy chị ơi!!!!Em đã tậu nguyên bộ và sẽ luyện dần cho hết luôn nè :D"
3417,"Trẻ em bây giờ hình như không còn nhớ bộ này nữa hay sao ấy :(( tuổi thơ của em.Bộ này với Thần đồng đất Việt là hai bộ duy nhất của VN có thể cạnh tranh trực tiếp với Harry Potter, Doreamon về doanh thu ấy. Such an icon!"
3417,mê từ hồi bé xíu đến giờ luôn :))
3417,"Bánh Ít Nhân Thịt wrote: ""Trẻ em bây giờ hình như không còn nhớ bộ này nữa hay sao ấy :(( tuổi thơ của em.Bộ này với Thần đồng đất Việt là hai bộ duy nhất của VN có thể cạnh tranh trực tiếp với Harry Potter, Doreamon về do...""Có lẽ do bối cảnh truyện không còn thân thuộc với thế hệ bây giờ nên tụi nó cũng khó cảm nhận hơn chăng?"
3418,tai kinh van hoa tap 1 nay nhu nao ha chu?
3419,I like it
3432,rat la tuyet voi
3467,lam sao de doc
3469,Thật á :))
3475,"hahaha. Tôi cũng tính hoàn thành hết bộ NNA ( đương nhiên là cả KVH), nhưng mà nếu muốn cốt để review, vì bạn muốn a. để cho người khác tò mò/ có một cái nhìn tổng thể b. cho ý kiến của mình c. để tự viết cho mình, để tự gợi nhớ, thì tôi nghĩ nên viết theo review 8 cuốn ( mỗi cuốn 9 tập) hoặc là bộ 18 cuốn . Lý do là vì có nhiều phần nó thự chất là một mạch truyện: như là tập 1 với tập 2 nè, nưa là, thấy nó hơi ăn gian thật haha. Nói chớ, chứ sao cung được hà, chúc bạn đọc sách vui"
