ID_USER,NAME_USER
27300702,GlassyPizzaFingers
5297824,Cmeo
35043057,Renae
18931036,Shannon Lee
28101312,Ngoc Anh
65853099,Regina / cà rốt và thỏ
108231460,Triet Dinh
81770848,Hà Khuất
52619332,Tăng Yến
1918609,Thomas Andrikus
59662440,Hiếu Đỗ
18236127,Cuong Nguyen Michael
68575086,Rosie Vũ
5258312,Anh
5798273,banh ran zon
9136579,afloatingpoint
55974004,Hiền Thanh
101294033,July Darling
32952691,Bagus
50226424,Minh Huong
77128022,Gain
28438187,Brandy Navetta
76602126,Bao Ngo
12034280,Viktoria
110238454,Khủng Long
108030275,Long Trịnh
28824397,Trung Phạm
73426158,Khang
64888572,Elise Le
101021375,HueMinMin
5208681,Magdelanye
74668775,Mai Huyen
64790078,Trần Tài
45689722,Chu_ca_nho
67908627,Huy Trần Ngọc
54323779,Tung
36854346,Thảo Điền
18203243,Stuart
3093151,Lindsey Sparks
49850369,Son Tung
76811037,Tú Nguyễn
72168917,GaT
75925623,Dzuy Anh
63057528,Len Nguyễn
73476473,Huy Hoang
59065826,Ha Vu
60629511,Mắm Cá
14081944,Minh Hoang
41936065,Huyền
94239535,Anastasia
49876933,Mitu Bút Chì
21614866,Dímy Dímy
5788198,Bito Dang
36246783,Chiaki Oimeoi
15355068,Ha Pham
70076054,Trương Lan
119148417,Revisach
114936734,Phong
111415015,Dương Phú
82550061,Hương Thu
112382104,Maddie Nguyen
57504186,大 红 猫
113006784,Lý Nguyễn
88843073,Trang Trần
68578876,Hương Cpa
91392271,Nga Bùi
64104860,Cường Hùng
95593693,Nguyễn Thùy
69930788,Ivie Nguyen
51694858,Lê Dung
93809761,Huế Đinh
76497330,The Carnation
43369465,Nhất Nobita
92874114,Nguyễn Vinh
77165788,Nhã Trương
68104515,Y Diên Vĩ
118367831,Nguyen Hoang
79488278,Đan Phượng
100130233,Thảo Duyên
84876848,Phuong Tran
117742618,Linh Nguyễn
36432305,Michael Haase
85377874,Lê Vy
78955884,Nguyen Van Anh
90715237,Hien Nguyen
50384244,Hanh
117406129,Thi Nguyen
100450762,Nguyễn Quyên
68424231,Phạm Kim
32222855,Nhi Tran
91452572,Mai Nguyễn
75610755,Di Di
97257491,Daisy Nguyen
92937275,Nguyen Quynh Van
114869855,Myna
71660419,Tu Dinh
68104704,Chii Paris
94663686,Layla Đồng
70440391,Trang
106651663,Hoang Ngan TRAN
84985092,Phung Huyen
95419078,Nyssnisacha
79240197,Drgnhealr
57192870,Uyen Monsoon
97784631,Long Nguyễn
95144741,Cương Hoàng
90785870,Linh Vu
78660624,Nhật Hà
113284239,Fell
111598376,Linrin
117878018,Minh Trang
111286815,Phương Nguyên
70044971,Ngân Nguyễn
84908741,hug_hug
1847484,Michael
73438653,Jacylinh
64669319,Bella
74923353,Phương Anh
68569601,Châm Ngọc
86741359,MinHa
46698896,Chi Tran
120215749,Dung Đỗ
75204781,Đỗ Vương
76852218,Poppy Dinh
108492619,Minh Trí
104309196,Phát
80139926,Tống Thọ
101225595,Vượng Lê Văn
118468301,Tuan Le
73646114,Dijaydep
116612237,Tiffany
97751118,Nhung Do
67832624,Phúc Đặng
96009759,Jacky
3885089,Daniel Kukwa
104503075,Duw Chou
53045321,Quỳnh Phạm
112567112,Quynh Le
83280531,Pilly
68750390,Thủy  Ngân
99143760,Minh Hiền
75412326,Yến
92882434,Ken Lê
80841908,San
109182700,Holly Vu
73405303,Ngọc Bảo
30075571,Thanh Nguyen-Kim
87171728,Bông
69390595,Ngo Quang
63267507,Chu Văn Sỹ
85414672,Trang Nguyễn
75675837,Minh Dương
72022974,Đinh Thương
78439387,Tiến Đạt
80008809,Nguyễn Thanh Tùng
112709182,Hang Hang
34962964,Emma Fang
94738778,Ngan Thao Le
7021630,Trang Do
53161557,Nguyễn Thanh Huyền
92738686,NguyenThuNguyet
77595126,Mangto
66302826,Thanh
80605373,Phuong
27418633,Thao Duong
35262168,Diệu Linh
93694694,Lê Tùng
98477702,Cofwithoutsug
105116432,Lê Mai
62678605,Duy Nguyen
3417529,Martha Samsell
120127064,Thuy Le
85336121,Phát
87398086,Hồng Hà
38790456,Phuong Kim
6978259,Justin Echols
82992729,Bangtan Đường
68322817,Mai Pham
72847772,Ngân Phương
78938762,Thanh Thúy
66551675,Việt Hoàng
69168744,Hoang_pham
102877124,Huong Pham
63746205,Ngọc Phạm
99447232,Huy Tran
40162360,Huong Duong
119661975,Hana
53058727,Trang Miu
102443242,Quynh Luu
50216594,Trần Trung Long
84917435,Thành Đô St
2171826,Tyler Jones
85295732,Nguyen Quynh Trang
79665124,Hoang Minh Tu
100974666,Thanh Hang
35211385,Salomé
84720881,Hung Nguyen
118589038,Nghi Lam
78271003,Lê Minh Quân
66304131,Hòa Phạm
96269369,Hoang Thanh Nga
65822178,Hoang Phuong
97327702,Kang Kang
5717023,Jamie
75475055,Zen
105118589,Hoàng Lê
69473892,Giang
77385564,Nguyễn Viết Hiệp
48525508,Tien Cong
97750781,Béo
84620298,Anna
83552748,Mai Tùng Dương
92923692,Bùi Thị
97573945,T D
114751402,Quynh Anh
96876394,Quân Nguyễn
82390906,Anh Trinh
93464660,Tram Nguyen
75805857,Dreamy Sun
71383166,Pham Hieu
72140495,Vũ Hoàng
98150185,Tâm Vũ Lê
84202801,Ngotantien
92670663,bapnep
113873384,Minh Vu
97385736,Thang Nguyen
33491626,Phương Wong
55127589,Vân Đỗ
66913291,Hoàng Huyền
16732080,Lê Hoàng
112576556,Ân Thu Hương
94199723,Min Yoonry
70845702,Hanh Nguyen
45311081,Lalubi Hua
107890945,Hong
96075677,Hồng Ngọc
66924973,Nguyễn Kim
102765049,Song Anh
77000395,Phat Ho
96943022,Trần Chiến Công
100264881,Bùi  Việt Hoàng
70131848,Vee
88922005,Nguyễn Đăng
94960895,Gia Khanh
109185054,Ha  Chi
40608788,Mandy Thảo Nguyễn
18727114,Quang Nguyen Dinh
89732342,Avril
83165369,Ánh
80132981,Lâm Quyền
112128833,Anna Trinh
72725117,Trường Thanh
60782354,Trần Cường
68948530,Mun
107879791,Chetna Chakravarthy
88861857,Hoàng Phúc
108745557,Tuyet Lan
59778462,Nhung Hoang
12099956,Quỳnh Đỗ
57596036,Lê Khánh
72877995,Hoa Viên
44439717,Bảo Ngọc
65741183,Trần Huế
77139865,Anh Vương
48602607,Phuong
30093171,Dani Ta
97408654,Thao Pham
60778065,Nguyễn Thắm Hồng
64823434,Thắng Phan
27124894,Vỹ Hồng
63860488,AMD
6751288,Kirk Johnson
97458049,Call me Kim
7554403,chuoibantho
3319461,Zachary Peck
32549049,Chăm Lên
7571515,Luke Nguyen
14982718,Emily
88926900,Kapil
43429589,Nghia Nguyen
4839127,Bria
69132213,Hiền
67933409,Mai St
51803679,Linh Do
78104590,Ngocle
49771508,Duy Anh
5965363,Andrea
40302067,Hien
84795147,Nguyen Hang
100475386,Hoa Tran
88669499,Thanhhien.Nt92
56402524,Thao Nguyen
6002339,Melissa
24243723,Anh
101125587,Ngọc Minh
97791137,Thanh Hằng
18611183,Hien Phan
43247,Emi Bevacqua
9069989,Bach Tran Quang
78310673,neverblossom
23742818,inedible plant
6992036,shimizukei
56344270,Anh Tú
74833069,Đỗ Hoàng
74506585,Mã Phong
50982351,Trang Nguyên
66809233,Jenny Le
87579572,Halo Phạm
72342164,Shang Yun
70527088,Ammie Tăng
47363299,Vu N. Quang
53991611,Chau
89713233,Cam
91446889,Tran Huyen Trang
37263528,Hoang Tran
90893350,Thao Hoang
5791546,Long T. Nguyen
13395605,Trần Thanh Mai
117538048,Thu Phương
70015295,Le Quynh Huong
88599544,Ha Trinh
32066790,Gerichilli
66364321,Linh P. Truong
9622995,Victoria
71278453,Kylie Kieu Trinh
65411671,Hiền
65828729,Phan Thảo
71737494,Hoàng  Thu Thuỷ
68970353,Toan Nguyen
93983398,Tramy_camellia
35550258,Mel Nguyen
78226026,Avie Tran
100415517,QuocBao10
73638339,Thành Nhân
20194003,Hoang Anh Tran
53418608,Thảo Linh
42786540,Khanhie Nguyen
87230780,Trang Đặng
90321422,Littlechiee
75363898,An Vũ
72343316,Tiana Thai
51936619,Cường Nguyễn
42736569,Cass Pychun
99036784,Hương Nguyen
94576256,Vy Nguyễn
46589645,Trang Hà
81700145,Hanh Nguyen
64602865,Ha Chi
23192502,Hồng Quang
36584749,T O À N P H A N
61899224,Trixie
50705326,My Tran
91564779,97linexaquarius
65495216,Maninthemoon
64628772,m.t.d_1511
55002158,Annie Nguyen
28163705,Len
83060762,Huong Duong
71832145,Phương Linhh
42646133,Mai-Hong Pham
54712983,Kaitlyn Ngoc
62104756,Huyền Nguyễn
99885929,Quan Phan
99869567,Izzy Nguyen
67073714,Trang Vo
101560419,Axetic Nguyen
63771644,"Cát Tường,"
44454992,Ngoc Tran
55294732,Vưn Siêu Nhưn
75038019,Trang
59280576,Hoàng Nguyễn
54973719,Nguyen Huy Tu Quan
62247831,Fallow Alexandra
28900755,Nina
75525199,Lai.reading
53987531,Phuc Ng
34059984,Thanh
20780661,Uyên Tự kỷ
3927201,Chuot Xauxi
35606402,Lâm Quách trường
6278251,Hong Trang
27800722,Hoàng Phúc
42523482,Trung Tín Nguyễn
83006940,KhoiTran 9ine8ight
80551169,Vân Lê
67107889,Ngọc Bích Đào Thị
101109262,Jolie Tran
113344281,Nguyễn Thảo
60682111,Chi
95417333,Itsalohablog
91558394,Quách Gia
71252915,Đức Nhật
86663509,Ha Nguyen Thu
107804882,Trần Lan Hương
81390555,Nguyễn  Quỳnh Hoa
63405002,Nguyen Nguyen Ngoc
43394596,Quang
70229827,Nguyễn Hà
64708039,Ninh Ngo
94735139,Hannah Trinh
117730030,Cẩm Tú
82100738,Quoc Anh
53472483,Ng Hạnhh
97989850,Pham Thanh
72725039,Tuấn Phạm
119387330,Thảo Phạm
56118585,Xuân Aquarius
70737865,Thủy Ngô
57482295,Minh Hà
66108875,Hanh Mai
67577054,Ngọc Anh
97248589,Nguyen Down
95391057,Tadaaa
52838814,Phương Phè Phỡn
82115131,Phương Thy
92378946,Min Yunki
29658384,Thắng
95168824,Huy Hồ Minh
38537384,Thu Minh
87083782,Anh Trần
96934272,Huyen
71076780,Lou
102886180,Thuy
48241962,Nguyễn Thủy
82953406,Heo LY
47582845,Hoàng Anh
74237707,Benny Anhtibi
81545946,Quoc Hai Nguyen
101405982,Quỳnh Pháp
74693321,NgocLe
96751493,Phạm Thịnh
63515357,Pa Ven
98324044,Vân Nguyễn
87046317,Vương Huế
72788340,Huyền Đồng
90148967,Jessica Jane
107108871,Anh Phạm
91718185,PN PA
67577675,Anh Nguyễn
94746307,Khanh Linh
76429486,Thanh Nhật
36898198,On Rainy
91691156,Mai Sương
89396568,Minh Thanh
60394881,Ánh Ngọc (Van)
43976309,Tulip
83280347,Josh
91283404,Nam Vũ
64898963,Hang Pham
96030015,Van Anh
109548196,Nguyễn Thị Tuyết Hồng
99906533,Nguyen Ngoc
81450506,Khánh Vân
82532990,Quang Nguyen
71940617,Amy Nguyen
66469820,Nhật Hải Đăng
53048744,Nguyen MiNhan
55351026,Linh Thùy
71482385,Hương Thùy Nguyễn Lê
74211784,Quyên Lê
34092521,Hải Lưu
67489284,Thu Thuy
101328841,Nguyen Duc
72621820,Tú Tròn
82845099,Aaron Jae
30023385,Long Nguyen
89924212,Guess Who?
101215831,Grace
110070863,Hoa
87585503,Minh Hong
59102448,Hiếu Minh
115148116,Cali Le
44747017,Hung Nguyen
93948014,Hương Bee Biz
78930200,Bảo Trâm
70558531,Hạnh Ún
33028837,bluecolour
76686010,Dươngg Lê
70206384,Hoàng Nguyễn
90491743,Minh Nhã
23518538,Mirabella
110392743,Thủy
94884945,Thương PH
75313321,Danh Quang
30400908,Hồ Quang
77012808,Nguyễn Đắc Hạnh Dung
113504323,Min
105540910,Ngân Hà
98117304,dinhphuc120
91316938,Bảo Anh
111590921,Minh Huong
76507368,Vu Nguyen (Chipp)
84836840,Ha Trang
80089495,Tùng Phạm
58865816,Tuyen Thanh Hoang
90607036,Diễm Quỳnh
64755991,Minh Huyen
114875858,Quynhthuy
96168815,Trang Gà
75385291,Nguyễn Thùy An
83778909,Alice Cao
64711308,ThaoNguyen
78725041,Chi
104983425,Kiệt Lê
45655171,Lô Sociu
63340232,Lemon Tree
81874660,Lê Thị Bảo Thoa
84764623,Trang Đinh
36217438,Ngo Dat
71890677,Standingman
62497317,Ngoc Anh
97492587,Tiến Tài Phan
40115666,Mây Bánh Bèo
50756957,Minh Trí
77585330,Vivu
109610877,Khang
33585896,Ann
95637982,Duc Do
79142335,Đăng Khánh
91460860,Mín Vivian
45730138,Aurora Hoang
118790921,Ngô Hương
82134528,Đan Vy
86446652,An Ngọc
86212049,Ashley Nguyen
69115721,Huyên
48449873,Hoang An
90288541,Nguyễn Thành
92834577,Quoc Tan
76545949,Vũ Linh
56730428,Vinh Trần
71276009,Kris.D
83040240,Bui
78100460,Diễm Phan
95750410,inix
97293407,Huy Quang
71865105,Thái Thái
61134123,Nguyễn Minh Hiếu
112302033,Huyen Bui
80865768,Hùng Sơn
46208086,Phùng Cảnh (Michael)
72816964,Hữu Tuân
101268678,Paul Passior
39774334,Basara
72201980,Hồng Lê
91489996,ngathanhnguyen92
76083033,Manhkien199
40821216,Hiền Anh
64429903,Dung Dung
94238666,Trí Nguyễn
65986690,Dương Trang
76241672,Linh Nguyen
109285910,Dân Nguyễn
53667932,Lucy Nguyen
101331427,Áo Hoa
109917693,Huong Tra
69083861,Khuyen
68248561,Zun
81519515,V M
52495759,Khangbo12345
76545392,Anh
85287274,Duc
44290348,Phuong Bize
28782273,Pham Van
51745689,Nguyễn Thùy Linh
23989669,August Storm
51933245,Huyen Pham
682792,Ngoclinhdnl
52625014,Nguyễn  Lam
64802340,Đại Ngô
86999420,Phương Moke
7062340,Con Bé Ki
20824002,Daniel Federer
20199428,Thưn
42894852,Tea
32948094,NGAN KHANH
66329458,Thùy Dương
67520740,Trinh
66529968,Kana Junnie (Khanh)
85254874,Linh Tran
85412194,Thanh Bình
48363323,Hung H. Tran
32625438,Elise Nguyen
42735321,Ngophuong912
111353955,Việt Nguyễn
84915502,HUONG NGUYEN
86929494,Phương Thảo
112711381,Uyên Tố
115580615,Marcus Vuong
114930898,Nguyen Vo
82298135,Alicia V
62144401,Trần Phước
70341096,Lâm Oanh
46253675,Kim Tốt
65601067,Hong Dao
109700807,ThaoNguyen
91562044,Hoa Hồ
71461848,Hằng
105903044,Anna
77411931,Chi Hoang Nguyen Quynh
86235167,My
32038329,Jasmine Nguyen
72343271,Trang Đặng
61508069,Le Nguyen
50592114,Pham Ngat
111613495,Thu Trân
89443257,journeywithbooks
119426940,Hoàng Anh
69597809,My Nhâm
74579157,Như Quỳnh
69577021,KhanhPhong
65363467,Khanh Ly
31222439,Thoa Kim
64630074,VU HANG
93993233,Diệp Lee
87231553,Ngọc
70082631,Tann Do
119146831,Ngan Nguyen
62493382,Dương Dương
54779630,Kanzaki Mei
110849438,Bảo Anh
66647490,An Nguyen
84730050,Phụng Tô
100856709,Ryan Nguyễn
74845017,Mai
74137380,Vũ Spring
32524336,Hang Thanh
73026599,Kim Ngan Huynh
69023047,Quoc Bao
75129632,Quỳnh Hương
76287996,Aelita Hopper
106806511,Kiều Phạm
95042250,Hoàng Ngọc Ánh
110992443,Phan Hoàng
91385868,Tiểu Khất Nhi
96748734,Binh Pham
101251763,Huỳnh Huy
71905839,Thịnh
76681552,Hồng Nhung
55853215,Vinh Nguyễn
91281717,Phoebe
116124209,Ngọc Ánh
69207675,Hoa Vu
116611703,An Ngo
89989979,Lâm Trịnh
85191313,Ngọc Thảo
62493034,Nguyen Thu Thuy
81178088,Won Yi
81665414,Lan Puna
54120561,Hung Nguyen Quang
87429017,Xanh Đậu
64209858,Trang Dinh
93240178,Huyen.nt
64564664,Ngoc Le
76283434,Phuong Quang Tran
70803247,Khoi Nguyen
116400235,Nghia Septemper
73069486,Đăng Bảo
87308913,Đạt Phan
119659323,Kieu Trang
44668730,Trang Moon
109745628,Vu Thanh Nam
88586927,Chang Hạ
113421986,Minh Anh
110339655,Stella Heulwen
72167853,Hominhquan
65992258,Hoai Thu
110255217,Letter
51780437,Phan Dung
97533426,Anh Minh
100887701,Phương Mai
65626306,Nhóm 5 vui vẻ_ bá đạo
15939508,Anh Hoang
65561750,Nhóm 5_6A4_LSTS
68899154,Linh Nguyễn
65561801,Nhóm 2
94199996,Ngọc
44296031,Ngọc
83778599,Thu Giang
24809496,Manh
59049564,Vi Mai
54095291,Hà
11126845,Anh Ngoc
81799417,Sam Pham
15625914,Thiệu Minh
35855721,Minh Vu
43437071,Minh Trang
20771160,Hoang Lien
48421480,Lê Quân
43923780,The Modest Yin
28554594,Lợn  Siêu Nhân
15164460,Xuân Quỳnh
36579134,Trần Linh
53532298,Cashmere
37246026,Kiet Huynh
11404282,Tien Nguyen
20372455,Han Thai
46400804,Vanessa Quintal
44068508,Vũ Anh
7721857,Hoang Minh Nguyen
51388787,Tran Dien
42335123,Jane
33557818,Loan Tran
18737429,An
33420151,Sandy Nguyen
48125255,Huệ Vũ
32450531,Hà Bùi
51245580,Jane
59600211,Janna
52780732,Trần Hiếu
13241724,Phuong
48775253,Iori Yagami
25087041,Ngan Nguyen
23086619,Phung Thang
3820035,Tram Nguyen
37105860,Đinh Mỹ hạnh
21602704,Jaycee Lam
102544954,Tiên Dương
58974847,Kimoanh
37220019,Le Ha
15840319,Giang Le
13118956,Hien Pham
64348685,Alexsonphoenix
50881372,Huyen Minh
7736609,Khanh Do
21331956,Linh
68419670,Việt Văn
29399837,Minh Nhân Nguyễn
44135624,Lê Sơn
48305350,Nguyen Vy
67367636,Thu Hien
53315882,Duyên  Đỗ
21220499,Mai Ngoc
63893058,Thiện Lâm
64201495,Thu Nghi
83608057,Võ Quỳnh Hương
58611974,Mai Đức
66078009,Duy
83047091,Phi Hùng
68090279,Trịnh Quỳnh Anh
65884828,Dung Do
7995148,Quỳnh Anh
78875349,Khuat Ha
7150676,Nguyên ngộ ngộ
19854390,Ha Hoang
82093544,Simón
110765263,Tài Mẫn Đức
55227529,Hùng Chelsea
86391326,Tran Tran
58781455,Linhnd
97218899,Phương Quyên
116188695,Khanh Linh Tran
69100919,Laannh Nguyen
48714501,Hoàng Nga
68015108,Trong An
68236228,Thảo Nguyễn
91423560,callmemei
66390792,Trần Nguyễn  Bi Em
97965769,Chloe Price
74696835,Phi Hoang
55947392,Hoàng Thị Thanh  Huyền
119518800,VINCENT NGUYEN
24718305,Tran Zo
74847492,Nguyễn Trang
64700822,Kim Tuyen
68071209,Ngân Hà
60397359,Dat La
47334071,Thuy Duyen
54781051,Lan Nguyen
66187412,Ngọc Phụng
81027703,Nguyen Phan
89429183,Chloe Nguyễn Hoàng
58834791,Quy Dang
64533666,Trân Lê
39009369,Phuongvu
37531912,Gấu
94941540,Đặng
110921968,Niken_chilai
69082536,Nguyễn Duyên
35299180,Sam Strong
82366737,Maiphuong
65115201,Quốc Cường
64703388,Thor
46109817,Duy Hoai Tang
101662668,Thy Nguyen
93275273,Tung Vu
62831460,Tony Vo
72315882,Hulk
59788563,Anh Tú
82200358,Rachel Lam
70443932,Maii Bé
71834509,Linh
69480643,Trung Doan
91979497,Tannd
77816150,Viet Huynh
96632449,Khoa Đăng
98112860,Hà Thành
61283602,Lana
53994347,Do Tuyet
71986883,Bich
91183500,Cathy
91297903,Nhật Hoàng Trần
69006995,Ngân Kim
23494750,Minh Khoa
97757653,DaiThongThai
90438032,Coly
53157709,Tuấn Nguyễn
54841905,Lizz D
111403514,Minh Ngọc
22539940,Thanh Nguyen
57931085,Totomushroom
59575210,Anne
94891968,Phan Ngoc
7746972,Aurore
16710757,My
56521101,Duy Anh  Nguyen
22397852,Thắng Vũ
2755169,Anh
18709604,Ly
87136318,Anh Tú
27341212,Mộc Minh
94980046,Thùy Linh
103763777,Ann Nhiên
4391040,THN
60416316,Hien Ly
54331251,Thi Thi
16524546,Linh Nguyen Trieu
40925267,Louis Nguyen
59548122,Nhật Anh
18390899,Ly Tran
70023182,MinDi
27388114,Gemini
26883350,Hươu Đây
43605909,B
64386978,Dieu Nguyen
15774196,Kha Nguyen
63250258,Tracysmind
43756219,Tô
72320530,Nguyễn Minh Anh
37914390,Sam
91741256,Bee
112132237,gocmapmo
89777516,Vân Anh
95532995,SallyQ
64922838,サイ
90434292,Hiền Lê
69933109,Minh Châu
33213330,Huong Pham
43528317,An Nguyễn
16425742,Blue Phoenix
90628927,Van Anh
47459293,Elgun
63167958,Huu Vu
21012304,Volk Kiez
68118927,Sương Trinh
118083080,Trần Thị
67139252,Hương Nguyễn
59496702,Khánh Hưng
94319460,hà
81426622,KhanhTram Tr
44524270,Phương Anh
68091794,Tan Phuoc
110121658,Hân
74195287,Mẹ Mint
73509485,Leem Ngân
44112828,Thanh Trúc
104060165,Lavieenrose
98816016,Nhật Hạ
65215510,Linh
67563410,Nguyen  Phuong
95872970,Hươngg BookLover
79889687,Lynh Mi
94819091,Michelle Vu
54679259,Nga Hoang
68299287,Nguyễn Ngân
108704661,Huy Bui
69681770,Van Pham
90062933,Phan Loan
111640690,Oanh
43085647,HemXeo
105437439,Nguyễn Thoại
69322318,Ngọc Ruby
116279912,Truong Thanh
39340811,Diễm Trần
76732352,Vương Trần
97305061,Thư Péo
94198898,Ryo
69004822,Linh Hoàng
97878361,Pham Ngoc
58992859,Thu Thuỷ
96334517,Tracy Nguyen
45962609,Sly Nguyen
62266190,Tracy Nguyen
29729463,Hương
59326973,Le Phuong Loc
103137557,Lan Phuong
96169074,Trang Huyền
70530254,Ngọc Thủy
90593718,Linh Kana
113215952,KimOanh0912
94581236,An Yi
99328001,Anmit.Kr
94154825,Đoàn An
118989521,Thanh Phú
75996530,Hoàng Lê
118429150,Nch2k8
67854022,Hưng Việt
80240260,Le Phuong Anh
77427956,PHAT DO
70047502,Trang Nguyen
102499698,Thắng Nhật
91564429,Scarlett Leangel
100367177,Nguyễn Duy
53851960,Nguyễn Minh
67724047,Tiên Nguyễn
28423448,Stargirl111
36930854,Đặng
63701813,Uyên Phạm
45871774,Thư
99650619,Wanabi
94149966,Na Na
108694303,Phước Điền
80608306,Round Moon
72622341,Linh Phạm
108034153,Ice
20526450,Dieu Nguyen
113229956,AnThanh
87907700,Thanh Duyên Trần
92751149,Tuấn
81891344,mojimov
2827873,Roxy Phuong
47070655,선 하
109315506,Võ Ni
91744813,Vũ Hà
111559282,Huy Nguyễn
64389941,đậu missingu
20026011,Trong Truong
64041664,Windy Dương
64116900,An Butchers
77087499,Nguyen Trung  Jane
26363295,Thanh Nguyen
100857654,Đỗ Hà
22246642,Anh
110591280,Tươi Phạm
4956745,Phuong
9286914,Theresa
64601619,Ngọc Lương
49525278,Thảo Nhuy
45846714,Thân Nguyễn
9416961,Tú
69498260,Hằng Lệ
47958177,Kimm
57032243,Mai Vu
9626576,Minh
21569673,Hvn
37498451,Linh Do
15178084,Loi
20209654,Phong Nguyen quoc
30119877,Dean
58351022,Ly Granger
33823264,Mimi
22002049,Kiva Dang
30984019,Klbc Thu phan
21264680,Uyên Khôi
5927647,Khue Dinh
32372791,Haiiro
61093605,Diễm Trang
38674872,Mai Anh
20153693,Thủylinh
50698139,Tran Ha
4168141,Yen Ba
96198089,Nhan Nguyen
66400437,Nguyễn Hải
23490390,Trung Nguyen
67958913,Tan
62119516,Susan
81280475,Nguyễn Nghiêm
99930934,Lien Nguyen
105184275,Sepig
106878428,Mira Nguyen
101109967,An
101658083,Nhodieu333gmail.Com
61885522,Rainy Vu
68730712,Bánh Quy Tẩm Đường
71642319,Kỳ Lân
62195454,Linh
66714940,Tran Viet Nga
117510270,Lanchi
66983826,Dox Thanh
93945696,Phạm Hiền
94681634,Ngoc Mai
76794787,Nhung Gau Meo
58138803,Chauminhnguyen1710
67031535,Anh Duong
90797868,Ngoc Anh
84719888,Dat
108791282,Thuy Linh
111013836,Anh Ngoc
69270738,Luu Anh
88511761,Minh Thuận
108394129,Koba Priternal
15161550,Liên Tô
64568299,Loan Lê
67786939,Lala Nguyen
67796721,Nguyễn Thị
97864129,Bang Nhan Tri (Steven)
109904323,Nguyen Thuy Trang
75320543,Trang Le
92091095,Cường Nguyễn
72232597,Huy
73894683,AnhPham
62515215,Nhung Nguyen
109240325,Tâm Thanh
65015161,Yến Anh
58375366,Trang Nguyen
61833704,HuyenMy
20465079,Tam
20164041,Khalina Nguyen
26514581,Vinh Nguyen
80567690,Nelly
10663311,Chi
41752895,Hà Anh
37991825,Lulla Labbyu
59132256,Thuy Nguyen
5780315,Huong
5926677,Jane
50584032,Ha Nguyen
23283542,Thao Huong
8502897,Poli Pham
10677324,Duy
95006218,Thuỷ Ji
36036215,Seok Shin
24319202,Trang Nguyễn
13291797,Tích Lang
51519407,Tina06
24074594,The Hung Nguyen
41410850,Yuki
33947921,Grey
26393525,Anh Thư
74654609,Tan Ho
103411783,Quang
52699584,Phat Duong
68912909,Nguyễn Minh Thuý
11667618,Cloudy Libra
63836880,Viet-Ha Pham
97148596,Thảo Nguyên
83879497,Hoa Pham
20929498,Genie Nguyễn
104517565,Nguyễn Linh
75669805,Anh Châu
109685048,Nai Con
95202757,Sunny Mi
68947967,DangKhoacamcam
96678131,Trang
62404712,Trọng Hoàng
82579822,Quynh Anh
82697783,Mai Phuong
33469290,Tông Ngô
106399999,Thang Nguyen
87269243,beeanyol
73137320,Tuyen Huynh
107765263,Khathy
35736283,Hoàng Nguyễn
111243579,Ruby Dalek
67946180,Hiền Lê
110584260,Minh Dang-Tran
37633516,Sam Sam
66707189,Hien Trinh
65948752,Rap Nguyen
86237524,Nho Xanh
72248717,Dũng Võ
90048841,Kim Nguyen
81654125,Đoàn Minh Tuấn
65917475,Helen Pham
62450671,Tư Thiên
87537686,Minh Kiên
67969938,LeHaiAnh007
85196961,Tuyết Nhi
79529309,Thành Thương
53137803,Thiên Bình
113800505,Tuyền
74957389,My Huyền
86018229,Trung Quốc
71738647,Được Nguyễn
77261860,Thuy Linh
98082600,Mow
101370110,Phương
15184460,Khanh Nam
111293856,Charnet Nguyen
80268635,Truong Nguyen
52089760,Mai Luu
116525246,Mốc Minh
112630488,Tina Phan
112592176,Totomaru
107231020,Lực Tiêu
81169013,Nguyễn Danh
105770919,Uyên
98034097,Dũng
61801643,Tuong Le
50356458,Pham Thuy Dung
64628489,Mai Tiến
74585976,Uyên Bảo
109673146,Thalia ♡
50131497,Lil Crackpot
75925159,Trang Le
53053835,Tien
58897014,Mee Lee
94902584,Deoxys Garchomp
14438322,Cu Lì
82403949,notsoweirdbutverydumb
14833528,Nam
98296611,Van Nguyen
41999291,Chi Lan
27535802,Chim Cụt
60900085,QHuong(BookSpy)
38771557,Thanh Thanh
11674797,Trang
52110625,Tịch Nhan
69293900,Sách Chuyền Tay
71179811,Minh Trang
25818063,Nguyễn Hoàng Vũ
61747853,Thu Hiền
11174220,Bạch
33187450,NGUYEN VO
62267590,My Duyen
84601691,Vân Anh
64280169,Trung Kiên
67946660,Thị Lệ Gạo Đen
4648803,Mai Huong
75851978,Little Chi
42339401,thucnu
85142608,Nu-Vuong Nguyen-Tran
22839316,Duc Thinh
7524188,Midori
50037141,Mark Ngô
57140178,Tạ Hà Bảo Trân
85078102,Nhi Nhi
50119085,Dan Tam
6083763,QuyAn
67044624,Ngọc Lan
73713356,Nmnguyet
43687657,Kim Hoang
77477936,Tuna Thao
58268379,Quang Minh
68142048,Nhi
106358654,TRẦN NHUNG
18395161,Giang Tran
107889978,Le Thao
14184872,Linh Hoàng
75363461,Nguyễn Tiến
69774493,Annie
95222725,Linh Phạm
111598982,Bí Ngô
52444507,Tram Nguyen
107050482,Linh Huynh
115138930,Khanh Tuong
108594547,Le Huong
69189757,Anhpham9612
118214549,Hatcatnho
85684958,Goi
70109066,Loi Luong
74042137,Hoang Lao Hac
112054342,Anh Hoang
107874118,Hien Phan
98852707,Hanh Pham
71295070,Thùy Thu
18418493,Hương
80135523,Mai Phan
50259635,Hoa Phan
92376395,Angela Trúc
95499413,Ivy Nguyen
94398885,Van Tan
68413828,Dat
27279885,Hoài Thành
84888828,Mochi
72474717,HoaiHAL
85731549,Nông Ngọc Hoài
94768765,Minh Phuc
16563081,Allie ♥️
45773931,Thùy An
54816506,Tan Doan
71890774,Van Vu
45937259,Chau Tran
75859869,lenguyeentramyy
59099521,Quynh
65562816,Hoan Nguyen
55081446,Linh Do
74607388,NaLi
67855362,Thuy Nga
97534292,Thuong Nguyen
19141085,Mai
87043983,Linh Trinh Ngoc
81637745,Trần Mai
87258512,Rim
66020293,Sáng Nguyễn
47315926,Minh Anh
40597189,Lam Thanh Loc
95475922,Minh Hiếu
73800258,November Green
89116875,Hoan Hoang
79940099,Tâm An
101255319,Nguyễn Trần
90417602,Đạt Trần
50929027,Gà
75807715,CherryCherry
28006514,Thinh Tran
76158240,Tuan Pham
111555233,Vu Cong Huy
103366307,Anh Mai
30761657,PHAM Tuan Nam
52773366,Mucmocmeo
70454669,Quyen Vuong
93207155,Ninh Trần
33768235,Phuong Thao Dinh T.
57558068,Quỳnh Giao
61683985,An
49391371,Huong Dang
23076175,Tiểu Chinsu
94160716,Crystal Trieu
4131534,Cheryl3007
70538596,Tuyen Nguyen
47059559,Vân Anh Lê
84060486,FER  Monli
30065777,Nguyễn Sơn
74462559,Trang
88002357,My Hoàng
56543954,Ly Tran
102061043,Nga Nguyễn
79496413,Nguyên Nhi
62581207,Thảo Nguyễn
69708477,Mai Huong
5345302,Thu Thuỷ Trần Phạm
46224495,Dieu-Hoa Nguyen
113365617,Hoài Nguyễn
27530916,Nga Bui
44309518,Joey Nguyen
10950275,Phuong Thao
80627990,Aliceinwonderland8318
56465307,Thạnh Vincent
40363537,Sumo Sumo
36284265,Jang Nguyễn
13444419,Lệ Lin
18743684,Quí Hiển
16898154,Hà Béo
10802126,Điểu
85031840,Đặng Tiến Đức
5626649,Kin
21756692,Tam Nguyen
67657320,Phu Thang
4168800,Bao Khanh
22647620,Caleido Hong
5918351,cọng rơm
61400406,Nguyen Trang
93068619,Khánh Nguyễn
83774021,HuyGi
85943793,Duong Phan
94487713,Thiên Phúc
40607714,Phạm
29236647,Dinh Ha
98031486,Vy Vy
98905246,Linh Chi
64624719,Chin
78018996,Sunny Lee
92042823,Khánh LynX ( ꈍᴗꈍ)
109189222,Trung Đỉnh
111545269,Huynhkimthi
67981369,Thu Huynh
52732727,Nhật Anh
70742243,Phương Nguyễn
76638422,Vân
72323262,Đậu Đậu
95009240,Uynn
88240321,Kim Anh
82122596,mèo
65519728,Nguyễn Thị
67948818,Lin Tong
92845364,Nguyễn Thành
105538088,Lâm Trương
33232196,Thiện Thuận
108941218,Hoang
97784875,Quynh Nna
90201586,Khánh Mai
103020666,Doãn Văn
64892666,Gee Gee
14583728,Hau Kim
67908200,ThiênVy
97871488,Mạnh Lê
84760759,HoangBoe
118068837,Yenphi225gmail.Com Lang
101158333,Trí Tú
95177156,Than Le
108850934,Linh Chi
91428917,Nguyễn Ngọc
56255896,Thảo Lan
18425326,Thanh Nguyên
69159428,Jade Nguyen
5039482,Phannette Nguyen
3756887,Binh Nguyen
16646142,Vinh The
111094686,linh đần
49291866,Uyen Le
27507197,Quynh Anh
73092688,Chi Luong
110035897,CatVy
67861903,Hương Lan
68249790,Linh Đặng
95747796,My Kieu
83590757,Fabish Caruri
110050536,Nguyễn Hương
41741041,Jade Hoàng
87238456,Dinh Tran
77143530,Sophie Mai
100404213,Charlotte2112
80294914,Nguyễn Thị
91569792,Anh Tho Hoang
104690061,Thao Linh
20031366,Kim Anh Vu
57412125,Tina Nguyen
8413898,Thuy-Huong
96422938,Harry
48258158,Trang Phan
69157152,Trang Hiền
64886131,Phương Anh
67789747,Nhathuyen
67406339,Mark Tuyen
97758717,Quan Tran
106908974,kaedenreads
84544661,Luu Thanh Tam
27284337,Hà Link
20966437,Nguyetminh
86520255,Alice Huynh
75868181,Hai Hoang
97506652,Hương Trà
52311585,Mai Nguyen
20158546,Mai Chiêu
88982408,Như Ý
119068042,Đoàn Dương
91666089,Nguyễn Hương
79723355,Thuylinh Do
95868454,Trinh Phương Ngọc Cao
80626978,Tuấn Trương
43057669,Trinh
81597242,Thơ Hoàng
120105199,Phuong Hoa
98707726,Phương Thanh
76793737,Mai Ngânn
101463196,Vân Trần
118210123,Trang Huyền
103153897,Kim Ánh
84404724,Hue Tam Nguyen
95556089,Laven
111745454,Tuyet Nguyen
30534391,Bún Bò Huế
88252354,Lê Phan Quỳnh
54723771,Thuphuongtran
90620456,Lê Vy
10777208,Bùi
62450445,Le Thao (May)
10079726,Hadown
82926084,Chim Coke
30617290,Quin Nguyen phuoc
42062820,De Cao
72339645,Linh Dinh
48182727,Tien
33207759,Hoàng Hải long
43754780,Mai Tram
67768804,Huế Nguyễn Hkt
55139874,Thắng
10441896,Quynh Than
98541354,Thanh Ngan Nguyen
73102069,Minh Khue
43522238,Sweden Bui
43357092,Nhi Nguyen
68452967,Nguyen Thao
84491647,Đạt Hà
63406494,Viet Nguyen
60897821,Nguyen Linh Chi
72757977,Hiền Lou
67094924,Duong Khanh
83790137,Judie Nguyễn
76107612,Joy
67226267,Hạnh Phạm
87053425,Huệ Chi
97732560,Tuấn Hoàng
92334825,Tri Quach
67004757,Diem Tran
86800739,zennie
24588485,Linh Nguyen
112619540,Duong Linh
45570858,Mi Linh
76136960,Viet Anh
81078903,Thanh Thảooo
41992105,Trần Lệ Mẫn
12670794,Khuu Bao
100951430,Tang My Quyen
80115744,Jen Pham
42364902,Khan
48467973,Phúc Nhã Quyên
52732592,Minh Guyn
31412040,Ngân Hà
18699168,Phúc Lê
66062296,Quỳnh Diễm
27725440,Linh Dao
6910670,Nhung Nguyen
114263595,thelawrencepham
75497887,Nga Nguyễn
70109369,Thanh Mai
49513872,Quynh Nhu
97392302,Ngan Ha  Nguyen
111922516,Ruby Tran
113918044,Viên Hồ Cẩm
70259132,Kimmie Hoàng
43891783,ngọc ♡
85632175,Mỹ Huệ
65659063,Gio Hoang
80543161,JLo Tran
90853117,Nguyễn Quỳnh
84607701,Hoàng Trang
56431243,Nga
71075083,Nguyễn Trang
19120971,Edelweiss Anh
15514957,Quynh Ly
26127425,Viet Vo
23550816,Quan
19631435,Trinh My
67328907,Rainy
16044098,Thuychinguyen
84356557,Kim Dung
63480830,Nguyễn Việt Châu Linh
57488069,Linh Đặng
11518499,Con cá ngủ gật
25020837,Thái Quang
32015987,Tran Nguyen
99587946,Thanh Thiều
89825942,Huyền Hoàng
67158825,Tln
65571681,Linh Đào
76920260,Pan
76925280,Tâm Hải
14258805,Ho Van anh
9851727,An Ba
40839885,Quang Hiệp
8041293,Thu Giang
32457708,Quách Tĩnh
58631837,Cát Tường
18094482,Nga Do
63876374,Danh Vo
93790058,Phuong Nguyen
13320107,Bach Le
75781155,Hang Le
100818388,Nhi Via
68641838,Phương Nguyễn
87064772,zunnorie
91290211,Ngan N
75821243,Chấm Than
52082231,Quang Quấn Quít
48216160,ÁI LINH
81096677,Ethan Le
52267737,Thinh Nguyen
73350998,Nguyễn
84272704,Ngan Dinh
44586776,Giang Hoang
105071454,Nguyên Văn
116146535,Ngoc
95421431,khanhjhr
64118809,Hà Ngân
98647887,Hoa Ng
57162745,Hà Nhi
7775240,Anh Ngoc
77165629,Lexie Tran
55656160,Nguyen Pham
81041019,Cường Tiêu
72359102,Mii Ngô
52987538,An Võ
49766714,Minh Chau
43450497,Quynh Ton
49827001,Thanh Sơn
74911596,TL Ho
87481311,Cẩm Nhung
110154924,Dat Nguyen
71946545,Thu Trinh
60601900,Khai Tran
5709603,Huong
91994175,Duy Phương
80517036,Phuong
69075657,Bách Hỷ
75050526,Diệu Hương
87463810,Nam Anh
80056098,Phạm Văn Phát
29888946,Hoang
78712226,Dang Hoan
89192276,Khanh Ho Quoc
69425275,Hana
20163919,Hải
57356781,VY Tran
86287210,Ivan
112372670,Quynh Hoa
72288943,THAO NGUYEN
78108176,Ank Hoàng
77978585,Ngoc Anh
66596298,T.H.A.N
79541462,Tiendung0103
101375033,Nguyễn Thị
52528845,Bao Khanh Nguyen Tran
90196427,Thuy
108328834,Mypham
106268531,Seo Thị
78708474,Van Dang
47589629,Tuấn Anh
57258682,Kate Võ
97747683,Thư
83161565,Nghĩa Xuân
46249395,Thien Quy
84606512,Thái Dương
62593128,Phi Bui
93842319,Gió
67877828,Duong Trinh
59004960,Kì Diệu Ếch
68942202,Duy Ha
68246236,Tram Dang
83807572,Quynh Nguyen
50145001,Ha Tran
97791607,Ngọc Minh
32761798,Tim Lê
92933664,timmy
80789306,Kien
79408417,Hang
24671018,Ngô Thảo
42492733,Hoại Băng
64976354,Giang Nguyen
68650103,Mai Thảo
21784133,Summer
49798917,Giau
25247628,Tovin Seven
119199117,Minh Ngọc
15576550,Tam Nguyen
69027393,Thường Vô
87701002,Nguyen Vuong
47646419,Trang Pham
71098866,Anh Thoa
94938726,Nguyễn Ngoc Lan Anh
55156585,Wendy
73305169,Thanh Kiều
68227436,Vũ Nhật
28966157,Abby
97754754,Lacey Ng
70314952,Giang Vũ
23083059,Teennhox Cưtê
62623366,Vương Oanh
104435982,Hoang Phi
18586007,Hannie Ngo
59242026,Ocsenlui
95070946,Ngọc Bích
108004813,Truong Vy
103084003,Doan Thu Ngan
97202169,Ánh Nga
97049725,Vũ Huy
48470505,Linh Phan
100597956,Thanh Ngân
42143840,Amy Nguyen
94849023,Sơn Thai
91166226,THI LINH
98494816,Đinh Diệu Thu
71901697,Ốc Tiêu
90127244,Phuong
65366250,Le Quyen
68513229,An An
47492501,L i n h
49697085,Quoc Nguyen
55126422,Thanh Hằng
74801650,Hoàng Nguyễn
97669476,Bùi Duy
56461203,Chiang Nguyen
20473640,Dang Nhung
58010783,Linh Khanh Dang
55107369,Hoàng
18754633,Rùa Con Mắt cận
89436696,Nguyen Nhung
54577870,AN Thuy
68599240,Tép
48652226,Max
93557677,Đinh Anh Phương
74015062,Cói
118619213,Nga Nguyễn
81849535,Jayce
84906516,LuanNguyen
100213887,Linh Lam
93683237,Phuong Anh
42654977,Thanh Phuong
92304517,badass bunny
70637136,Đỗ Iris
82848657,Thảo Phương
51491247,Công Thắng
60572022,Thuý VI
99345437,Juuhi
60936553,Thu Hà
66912493,Thang Pham
47037988,Hoai  Linh
35188553,Spydey
69401679,Nguyễn Anh
67431718,Huyền Nguyễn
98654086,Wendy
68573458,Zero
60866352,Ngoc Giau Luu
67863624,Hailee
102186420,Nam Lâm
55093896,Alice Le
53318663,Lành
108013513,Vy
84010161,Bac.Tran
50884564,MQuyen
99470096,Ngọc Anh
68623243,Hoàn Nguyễn
86625456,Linh
58831907,DucTran
73218269,Nguyễn  Hòa
66646724,Phan Hoàng
38988874,Linh Pham
58246592,Phuong Thanh Ho
12640452,Phương Hoa
51598364,Mai Huy Hoàng
4847222,Huu Khiem
4664855,Noah Oanh
31982463,Jinn
57220566,Lan
43938677,Nhu Dang
81670209,Luu Tuan Manh
77037771,Aileen
81241202,Nabokov Nabokov
59529192,Đức Bùi
22770401,Ngan Jjang
89719547,Hung Cao
54593770,Dyktily Lee
82986681,Quyen Luu
80682788,Phạm Thủy
112121545,Cá Nục
106515130,Quocanh Le
112837400,Thi Hoàng
61043627,Giày  Đỏ
67397892,Vy Trần
57291655,Quỳnh Ngọc
77322957,Bùi Tâm
61418662,Wind Wanderer
49039406,Đức Cường
84974196,Thái Vân
46807297,Ngọc Khanh
56454607,Ngân Bảo
111600757,Le Tien
63444706,Sơn Lương
58608888,Trâm Phan
24715537,Hanh Lai thi
23322800,Vinh Bui
64505814,Joanquin Lee
100570233,Hà Lý
84348145,Dinhdinhngoan
74876456,Merlia
98165744,Franklie Dang
76265540,Quang Nguyen
66022192,Thoa Kim
25120335,Ta Ha
72569003,Kỳ Duyên
56230783,Linh June
93554746,Oriss  Thảo Đào
63817444,Cuong Pham
93886922,Hương Nguyễn
98729632,Huyền Chi
77269678,Thu Hoai
115669280,Ngan Hieu
70382640,Misaki Lenomi
47525674,Ken Ngo
92238476,Nhu Ngoc  Tran (Gemmi)
80559713,Giang Linh Trần
91730615,Theanh
95437190,Huyền Trần
40619765,Anh Le
70484528,Hà Lê
88188807,Kira Kira
75660242,Giang Lê
109642170,TAM GOODREADS
27062359,Gia Linh
100938754,Công Phan
54290298,Anh Thư
30951294,Rita Vo
103143606,Văn Thiên
93017616,Mai Hoang
73480071,Thang Hoang
64858982,Vy Ho
112891765,Nguyễn Thu Trang
53284880,Minh Lê
95201539,Trầm Lê
89248048,Ly Phương
77871487,Khánh Linh
107811233,Quốc Anh Hồ Thái
79330475,Huy Đức
59301172,Trang Tran
39951076,Kim Tang
102196695,Trần Trâm
105763151,KIMKHANHHA
63356327,Thai Dung
113413806,Emma
71669382,Mai Nguyen
71149155,Huyen Le
89959120,Tường Vy
88128749,Jessica Bùi
73261402,Sophia My
95450132,Đăng Phú
91431434,Lua Pham
49042934,Thiên Di
74164192,Huynh Mai
111827825,Lão Bin
91860083,Nguyen Quoc
110428005,Vũ Nam
43254524,Quynh HX
78196252,Nghĩa Lưu
62240850,Yuki Kishimoto
81077937,Nhu Quynh
3035018,Duc Hoang
43496025,Thuỳ Duyên
38834675,Cee Jelly
111352395,Nguyen Thi
84611561,Tường Vi
67766980,Hang Juice
94360413,Lan H­ương
96038766,Lynne Nguyen
109779430,Xuân Hậu
98873657,Kim Yến
101558554,Namia
52178646,Binh Ha
15946882,Hiếu Trịnh
35167311,Lê Phúc
17992610,Vũ Anh
20907020,Vo Uyen
52740579,Linh Ola
698706,Linh
91792642,Nguyenflower
110511032,Nguyễn Việt
61899037,Suong Dao
22309221,Truong Chung
118215462,Kim Huynh
46446251,Nga Nguyễn
58511909,My Nguyễn
67493371,Mai Mai
54025312,Trần
62249083,Huỳnh Mai
78489550,Yên Trần
74868226,Cao Trung
48285671,Hoàng Minh
118514873,JungK
78223732,Lương Nguyễn
34589078,Anh Thu Le
66892720,Huyen Vu
78744537,Châu Mỹ
54494721,Dương Nguyễn
44718372,Nhật Thực
100512866,Duyên Lê
108103323,Ngọc Quỳnh
13450221,Mai Lien Nguyen
75869917,Thảo Dương
44089709,Cindy Nguyen
76342312,An Du
86380514,Lovemyself
66717139,Thanh Ngọc
71497747,Vi Lê Bình Phương
70079099,Hoang Ha Thu
86125106,Vo Thuy An
77977476,Lead
90205287,Thanh Nhàn
15383224,Linh
22426345,Hoàng Nguyễn
6958487,cmvo
14375534,AN
79400432,Thái Lê
3422776,Thanh
35418801,Sinh Nguyen
94542065,Chiemieee
100769768,N O Ë L
83199045,Ann Vo
66557946,Trang Pham
12365859,Auslyn
96998621,Ting
59168268,Ngalmond
19579785,Thuy Duong
81968064,Hồngg Nhungg Nguyễn
60338202,Hương Vũ
37631796,Trinh
68435136,Ly Trần
16432855,Nhung Nguyen
44503179,Nhan Ho
71987967,Cam Anh
50039025,Hai Nguyen
77133828,Tâm
65075394,Ngô Hải
72356391,Phuong Anh (Adalie)
88131533,summer
63877357,Mandy Lai
38234582,Hong
15063982,Huyen Nguyen
109911963,Mi Võ
91421243,Bichchi
45547447,Ánh Ngọc
77977578,Nga Pham
85414436,Lý Hoàng
61183368,Vũ Tường Lan Chi
77555931,Hien Nguyen
78367897,Chi Yến
88085825,Khang Lê
7230424,Tuan
62367731,Dthaolinh
30748031,Hạnh Lem
34553735,May Be
62827416,Anh Tuấn Nguyễn
71838666,Chang
87409619,Mai Leo
48096721,Nguyên Trương
91538523,Đức Khoa
59525415,Thảo Nguyễn
96152539,Bim Bimm
111232719,Imjust.mei
91544813,V.
93795565,HatheBookworm
103379712,Hạ An
98303629,Khai
66948471,Nhat Tran
75254864,Trần Chi
73005472,Le Ngoc
78114632,Vu Huyen
95511363,Kevin Phạm
53205121,Minh Hằng
72537587,Hồng Minh
115002395,kmiahn
112947644,MINH CHINH
76759766,Trang Nguyen
113221185,Khanh Khanh
59430735,Luong Tran
49411219,Phuc Do
102098902,Lucia Phan
85854523,Tam Võ
65505603,Duy Cao
21005212,Yen Nguyen
100676348,Hiền
63841155,Thai Huong
93887417,Chung Nhật
85143762,Thuỳ Dương
108397153,Hồng My
105746771,Nam Chiến
108269446,Ánh Võ
68580022,Nhi Nguyễn
84231720,Hoàng
91644072,Trịnh Cường
100585826,Ngô Thị Ngát
75737746,Vingovan
61569273,Thu Thuy Nguyen
99482289,HuyTran
85743204,Lời Xuân
85268599,TrangDai Nguyen
60257897,Phú Nguyễn
80474168,Trieu
104455905,Thao Nguyen
54759049,Phan
84486217,Tan
66549649,Duong Hai
58371829,Thi
87597979,Nhi Ánh
68039440,Vũ Yến
66568347,Nguyen Thuc
81165784,Nguyênn Ngô
75987331,Phipppe LE
71365941,Tống Hoàng Trâm
69573653,Anne Wang
92567027,Thùy Dung
69695902,Jenny Đào
119656243,Nguyen Thi Hue
75176412,Ngo Hoang Tuan
108220666,Twistzz
27966863,Jun Nguyễn
32072636,Lê Vi
64214300,Tuấn Nguyễn
49629951,Yaourt Thảo
7172974,Emerline LA
101173410,Viet
79520305,Gia-Thao Do-Tran
86863178,Duong Tu
68993577,Sang Nguyen
49140163,Dong
12364894,Duy Nguyen
92106525,Khánh Nguyễn
32748355,Ngân Đặng
110832110,han di
110368539,Lego Cold
56614855,Hang Le
65985865,N. P. Thao
37343316,Vinh Phạm
25354734,LÊ ĐỨc
25266782,Thiện Chí
66550742,Anh Thế
17630908,Hồ Quang
92800570,Bao Nguyen Dinh
69252229,Caovan
22040434,Trang Linh
60935267,Blim
116568343,Anhkhoi Trieu
24045334,Thunder Jack
51473536,Nguyễn Văn Phương
40622874,Jananes
55659274,Ngoc Tram
45091202,Anh Le
56920675,Rin Black
109478676,Long Tran
66279693,Zele
69633575,Nhi Vu
96339608,Thành Tuấn
75858647,Hữu Thành
10349887,Duc
54904680,Đăng Chi
71066010,Su In
8432539,Linh Chi
85763689,Thu Phong
34355947,Ngọc Thảo
2439052,umi tran
69529689,Ngọc Ánh
54675550,Lan Anh Le
118217354,Phương
87313487,Diễm Kiều
49440869,Windy
